Tier,Rank,Champion Name,Lane,Win Rate,Pick Rate,Ban Rate,Play Count
Platinum,1,미스 포츈,바텀,53.99%,23.65%,47.80%,"495,304"
Platinum,2,녹턴,정글,52.63%,10.94%,19.01%,"229,182"
Platinum,3,리 신,정글,49.74%,26.41%,35.41%,"553,026"
Platinum,4,말자하,미드,52.93%,5.27%,4.71%,"110,277"
Platinum,5,비에고,정글,50.60%,17.17%,14.48%,"359,595"
Platinum,6,다리우스,탑,50.82%,9.10%,24.71%,"190,563"
Platinum,7,모데카이저,탑,51.84%,6.67%,7.12%,"139,665"
Platinum,8,세트,미드,54.27%,0.63%,2.84%,"13,117"
Platinum,9,다이애나,정글,52.50%,8.54%,2.09%,"178,782"
Platinum,10,제라스,서폿,51.55%,8.38%,26.90%,"175,526"
Platinum,11,갈리오,미드,51.32%,7.69%,5.39%,"161,112"
Platinum,12,세트,탑,51.21%,8.24%,2.84%,"172,500"
Platinum,13,자이라,서폿,52.63%,4.39%,3.44%,"91,950"
Platinum,14,룰루,서폿,50.71%,11.66%,9.87%,"244,114"
Platinum,15,가렌,탑,50.86%,8.68%,4.01%,"181,721"
Platinum,16,요릭,탑,52.74%,3.82%,6.24%,"80,069"
Platinum,17,오공,정글,51.72%,7.00%,3.84%,"146,651"
Platinum,18,티모,탑,51.32%,6.39%,20.43%,"133,735"
Platinum,19,워윅,탑,52.90%,3.09%,12.35%,"64,760"
Platinum,20,럭스,서폿,50.03%,14.40%,14.41%,"301,625"
Platinum,21,이렐리아,미드,51.79%,4.21%,31.43%,"88,121"
Platinum,22,워윅,정글,51.82%,5.44%,12.35%,"113,965"
Platinum,23,베이가,미드,52.06%,3.07%,1.16%,"64,325"
Platinum,24,카르마,서폿,50.77%,8.75%,4.92%,"183,189"
Platinum,25,모르가나,서폿,51.22%,7.23%,13.22%,"151,402"
Platinum,26,징크스,바텀,50.87%,17.96%,3.65%,"376,176"
Platinum,27,멜,미드,50.04%,10.81%,65.36%,"226,319"
Platinum,28,신 짜오,정글,51.08%,7.01%,1.98%,"146,728"
Platinum,29,가렌,미드,53.09%,1.05%,4.01%,"21,999"
Platinum,30,제라스,미드,51.38%,4.27%,26.90%,"89,491"
Platinum,31,빅토르,미드,49.95%,9.24%,20.44%,"193,438"
Platinum,32,렐,서폿,51.60%,4.54%,3.09%,"95,147"
Platinum,33,오른,탑,51.68%,3.35%,0.42%,"70,139"
Platinum,34,닐라,바텀,53.40%,0.94%,0.91%,"19,765"
Platinum,35,신드라,미드,51.38%,4.02%,1.91%,"84,176"
Platinum,36,애니비아,미드,52.17%,1.32%,0.60%,"27,643"
Platinum,37,아트록스,탑,49.90%,7.23%,7.69%,"151,494"
Platinum,38,쉬바나,정글,52.58%,1.89%,0.40%,"39,595"
Platinum,39,브라이어,정글,51.84%,3.39%,1.37%,"71,077"
Platinum,40,레넥톤,미드,52.65%,0.58%,3.40%,"12,041"
Platinum,41,나피리,미드,52.58%,1.26%,0.84%,"26,307"
Platinum,42,마오카이,서폿,51.68%,3.79%,2.84%,"79,465"
Platinum,43,릴리아,정글,51.37%,4.89%,3.31%,"102,486"
Platinum,44,바이,정글,50.23%,8.35%,2.22%,"174,788"
Platinum,45,브라움,서폿,51.53%,4.06%,2.49%,"84,954"
Platinum,46,쓰레쉬,서폿,50.01%,10.09%,3.89%,"211,223"
Platinum,47,샤코,서폿,51.86%,2.14%,46.20%,"44,793"
Platinum,48,레오나,서폿,50.38%,7.60%,9.25%,"159,159"
Platinum,49,시비르,바텀,51.70%,4.91%,1.21%,"102,792"
Platinum,50,우르곳,탑,52.01%,1.58%,0.35%,"33,071"
Platinum,51,카시오페아,미드,51.20%,3.41%,10.01%,"71,345"
Platinum,52,초가스,미드,52.28%,0.67%,0.28%,"14,117"
Platinum,53,하이머딩거,탑,52.19%,1.96%,4.09%,"41,131"
Platinum,54,라이즈,미드,51.42%,1.94%,0.56%,"40,712"
Platinum,55,볼리베어,탑,50.99%,3.61%,4.04%,"75,670"
Platinum,56,말파이트,탑,50.94%,5.37%,5.66%,"112,446"
Platinum,57,문도 박사,탑,51.38%,3.69%,1.70%,"77,361"
Platinum,58,아무무,정글,50.77%,4.99%,1.10%,"104,439"
Platinum,59,질리언,서폿,51.99%,1.66%,0.32%,"34,837"
Platinum,60,탈론,미드,50.29%,3.33%,1.20%,"69,780"
Platinum,61,스웨인,바텀,52.66%,0.63%,2.77%,"13,096"
Platinum,62,타릭,서폿,52.74%,0.72%,0.11%,"15,011"
Platinum,63,흐웨이,미드,50.10%,5.44%,5.30%,"113,957"
Platinum,64,아칼리,미드,49.49%,9.93%,10.85%,"207,875"
Platinum,65,이렐리아,탑,50.96%,4.52%,31.43%,"94,685"
Platinum,66,멜,바텀,51.48%,1.87%,65.36%,"39,219"
Platinum,67,뽀삐,서폿,51.22%,3.14%,5.75%,"65,782"
Platinum,68,마스터 이,정글,50.08%,6.85%,5.32%,"143,386"
Platinum,69,신지드,탑,52.26%,1.24%,0.35%,"25,947"
Platinum,70,피들스틱,서폿,52.62%,0.76%,0.60%,"15,986"
Platinum,71,야스오,미드,49.63%,9.23%,15.87%,"193,185"
Platinum,72,요네,미드,49.18%,11.68%,13.08%,"244,617"
Platinum,73,나미,서폿,51.24%,3.12%,0.37%,"65,260"
Platinum,74,멜,서폿,50.33%,4.74%,65.36%,"99,178"
Platinum,75,진,바텀,50.03%,14.85%,2.94%,"310,889"
Platinum,76,샤코,정글,50.27%,4.66%,46.20%,"97,498"
Platinum,77,제이스,탑,49.17%,8.77%,8.65%,"183,700"
Platinum,78,벨코즈,서폿,51.36%,2.23%,0.44%,"46,795"
Platinum,79,블라디미르,미드,51.10%,2.00%,1.16%,"41,973"
Platinum,80,럭스,미드,50.30%,3.32%,14.41%,"69,455"
Platinum,81,애니,미드,51.42%,1.04%,0.24%,"21,738"
Platinum,82,이즈리얼,바텀,49.21%,33.58%,12.64%,"703,208"
Platinum,83,아리,미드,49.59%,8.12%,1.84%,"169,950"
Platinum,84,갱플랭크,탑,50.49%,3.41%,1.75%,"71,465"
Platinum,85,말파이트,미드,51.57%,1.39%,5.66%,"29,133"
Platinum,86,브랜드,서폿,51.30%,2.41%,1.10%,"50,568"
Platinum,87,베인,바텀,50.95%,4.71%,2.84%,"98,726"
Platinum,88,트런들,정글,51.37%,1.32%,1.23%,"27,668"
Platinum,89,나르,탑,50.30%,3.38%,1.23%,"70,713"
Platinum,90,사이온,탑,51.50%,2.38%,0.33%,"49,818"
Platinum,91,사일러스,미드,48.89%,13.52%,17.54%,"283,013"
Platinum,92,세주아니,정글,50.65%,3.44%,0.41%,"71,947"
Platinum,93,케일,탑,51.16%,2.06%,0.55%,"43,196"
Platinum,94,리산드라,미드,50.58%,2.20%,0.52%,"45,994"
Platinum,95,일라오이,탑,50.88%,3.11%,6.31%,"65,120"
Platinum,96,벡스,미드,50.02%,4.39%,5.13%,"92,023"
Platinum,97,마오카이,탑,50.55%,2.80%,2.84%,"58,581"
Platinum,98,리븐,탑,50.65%,3.27%,1.18%,"68,555"
Platinum,99,오리아나,미드,49.97%,3.80%,0.80%,"79,532"
Platinum,100,자르반 4세,정글,50.45%,3.04%,0.22%,"63,649"
Platinum,101,판테온,미드,51.03%,1.51%,1.37%,"31,677"
Platinum,102,피즈,미드,50.46%,2.40%,1.63%,"50,171"
Platinum,103,피들스틱,정글,50.83%,1.82%,0.60%,"38,146"
Platinum,104,초가스,탑,50.96%,1.82%,0.28%,"38,050"
Platinum,105,케인,정글,49.87%,4.08%,0.79%,"85,487"
Platinum,106,자크,탑,51.84%,1.21%,1.55%,"25,381"
Platinum,107,티모,서폿,51.05%,1.37%,20.43%,"28,588"
Platinum,108,직스,바텀,51.12%,2.08%,0.89%,"43,563"
Platinum,109,레넥톤,탑,49.87%,4.06%,3.40%,"84,945"
Platinum,110,클레드,탑,51.37%,0.83%,0.28%,"17,398"
Platinum,111,브랜드,미드,50.93%,0.69%,1.10%,"14,407"
Platinum,112,람머스,정글,50.62%,2.26%,3.69%,"47,344"
Platinum,113,라이즈,탑,51.71%,1.09%,0.56%,"22,786"
Platinum,114,소라카,서폿,50.45%,2.83%,0.31%,"59,335"
Platinum,115,소나,서폿,50.71%,1.38%,0.07%,"28,820"
Platinum,116,벨코즈,미드,51.39%,0.52%,0.44%,"10,928"
Platinum,117,다이애나,미드,50.16%,2.17%,2.09%,"45,462"
Platinum,118,카시오페아,탑,50.67%,1.54%,10.01%,"32,307"
Platinum,119,볼리베어,정글,50.49%,2.05%,4.04%,"42,949"
Platinum,120,다리우스,정글,50.60%,1.30%,24.71%,"27,167"
Platinum,121,알리스타,서폿,49.98%,4.27%,1.40%,"89,436"
Platinum,122,에코,미드,50.32%,1.59%,0.60%,"33,399"
Platinum,123,밀리오,서폿,50.81%,1.66%,0.24%,"34,687"
Platinum,124,렉사이,정글,50.80%,0.78%,0.53%,"16,353"
Platinum,125,세나,서폿,50.36%,3.57%,0.73%,"74,834"
Platinum,126,나서스,탑,49.91%,2.98%,2.82%,"62,444"
Platinum,127,누누와 윌럼프,정글,50.22%,2.49%,0.74%,"52,062"
Platinum,128,탐 켄치,서폿,50.39%,2.75%,2.27%,"57,507"
Platinum,129,스웨인,미드,50.56%,1.42%,2.77%,"29,801"
Platinum,130,아우렐리온 솔,미드,50.62%,1.35%,0.26%,"28,353"
Platinum,131,뽀삐,탑,50.92%,1.38%,5.75%,"28,983"
Platinum,132,케이틀린,바텀,49.27%,21.68%,14.59%,"453,946"
Platinum,133,니코,미드,50.21%,0.98%,2.67%,"20,617"
Platinum,134,케넨,탑,50.23%,1.91%,1.26%,"40,024"
Platinum,135,코그모,바텀,51.43%,1.23%,0.67%,"25,757"
Platinum,136,노틸러스,서폿,49.26%,8.86%,12.90%,"185,479"
Platinum,137,엘리스,서폿,50.20%,2.88%,5.96%,"60,352"
Platinum,138,베인,탑,51.01%,1.80%,2.84%,"37,643"
Platinum,139,카사딘,미드,50.38%,1.04%,0.21%,"21,817"
Platinum,140,그웬,정글,50.42%,0.67%,1.27%,"14,029"
Platinum,141,르블랑,서폿,50.74%,1.36%,30.56%,"28,502"
Platinum,142,오공,탑,50.94%,0.94%,3.84%,"19,769"
Platinum,143,아칼리,탑,49.93%,1.94%,10.85%,"40,709"
Platinum,144,아크샨,미드,49.91%,1.15%,0.55%,"24,084"
Platinum,145,판테온,정글,49.98%,1.81%,1.37%,"37,995"
Platinum,146,카시오페아,바텀,51.39%,0.59%,10.01%,"12,374"
Platinum,147,탐 켄치,탑,50.06%,2.03%,2.27%,"42,595"
Platinum,148,블리츠크랭크,서폿,48.97%,8.65%,32.92%,"181,105"
Platinum,149,자크,정글,49.17%,4.15%,1.55%,"86,858"
Platinum,150,카르마,탑,50.90%,0.87%,4.92%,"18,259"
Platinum,151,그레이브즈,정글,48.75%,6.14%,7.19%,"128,583"
Platinum,152,올라프,탑,50.28%,1.13%,0.65%,"23,707"
Platinum,153,갈리오,서폿,50.72%,1.12%,5.39%,"23,354"
Platinum,154,자야,바텀,50.05%,3.38%,0.50%,"70,841"
Platinum,155,카직스,정글,49.27%,3.64%,0.88%,"76,167"
Platinum,156,모르가나,정글,50.24%,0.51%,13.22%,"10,617"
Platinum,157,트런들,탑,49.37%,3.13%,1.23%,"65,608"
Platinum,158,루시안,바텀,49.73%,4.93%,1.11%,"103,174"
Platinum,159,탈론,정글,49.58%,1.76%,1.20%,"36,897"
Platinum,160,유미,서폿,49.13%,7.66%,4.00%,"160,379"
Platinum,161,트위스티드 페이트,미드,49.53%,2.33%,0.17%,"48,879"
Platinum,162,잔나,서폿,50.49%,1.00%,0.11%,"21,034"
Platinum,163,스카너,정글,49.01%,3.99%,5.03%,"83,596"
Platinum,164,그라가스,탑,49.32%,2.59%,1.09%,"54,209"
Platinum,165,제이스,미드,49.74%,1.14%,8.65%,"23,914"
Platinum,166,잭스,정글,49.58%,1.19%,2.93%,"24,915"
Platinum,167,트위치,바텀,50.00%,2.21%,0.99%,"46,206"
Platinum,168,블라디미르,탑,49.47%,2.45%,1.16%,"51,268"
Platinum,169,판테온,탑,49.71%,1.90%,1.37%,"39,847"
Platinum,170,아무무,서폿,50.34%,0.84%,1.10%,"17,664"
Platinum,171,르블랑,미드,48.61%,6.52%,30.56%,"136,564"
Platinum,172,판테온,서폿,49.63%,3.04%,1.37%,"63,752"
Platinum,173,탈리야,미드,49.69%,0.98%,0.28%,"20,537"
Platinum,174,쉔,탑,49.36%,2.73%,0.25%,"57,203"
Platinum,175,티모,정글,49.23%,1.40%,20.43%,"29,346"
Platinum,176,말자하,탑,50.44%,0.60%,4.71%,"12,521"
Platinum,177,사일러스,탑,49.45%,1.62%,17.54%,"34,009"
Platinum,178,트린다미어,탑,49.58%,1.39%,0.49%,"29,134"
Platinum,179,조이,서폿,50.15%,0.66%,0.73%,"13,818"
Platinum,180,자이라,정글,49.33%,1.40%,3.44%,"29,322"
Platinum,181,하이머딩거,서폿,50.47%,0.61%,4.09%,"12,803"
Platinum,182,요네,탑,48.39%,6.62%,13.08%,"138,677"
Platinum,183,뽀삐,정글,49.29%,1.12%,5.75%,"23,409"
Platinum,184,바드,서폿,49.62%,1.34%,0.10%,"28,144"
Platinum,185,자크,서폿,50.07%,0.76%,1.55%,"15,975"
Platinum,186,우디르,정글,49.42%,1.10%,0.29%,"23,127"
Platinum,187,에코,정글,48.80%,2.68%,0.60%,"56,069"
Platinum,188,제드,미드,48.32%,6.33%,14.87%,"132,514"
Platinum,189,피오라,탑,49.15%,2.60%,2.24%,"54,504"
Platinum,190,바루스,탑,49.83%,0.71%,1.46%,"14,841"
Platinum,191,제리,바텀,49.54%,3.24%,0.30%,"67,752"
Platinum,192,니코,서폿,49.23%,3.27%,2.67%,"68,435"
Platinum,193,조이,미드,48.86%,2.24%,0.73%,"46,840"
Platinum,194,스몰더,바텀,49.44%,2.83%,0.66%,"59,256"
Platinum,195,킨드레드,정글,48.62%,2.62%,0.60%,"54,864"
Platinum,196,세라핀,서폿,48.92%,4.56%,0.55%,"95,483"
Platinum,197,라칸,서폿,49.31%,2.91%,0.57%,"60,965"
Platinum,198,퀸,탑,49.46%,0.83%,0.64%,"17,433"
Platinum,199,카밀,탑,49.01%,1.69%,0.36%,"35,391"
Platinum,200,스웨인,탑,49.36%,0.82%,2.77%,"17,130"
Platinum,201,흐웨이,서폿,49.77%,0.83%,5.30%,"17,289"
Platinum,202,벨베스,정글,48.93%,1.07%,0.32%,"22,506"
Platinum,203,사미라,바텀,49.16%,4.35%,5.08%,"91,125"
Platinum,204,드레이븐,바텀,49.29%,1.96%,1.56%,"41,072"
Platinum,205,야스오,바텀,49.84%,0.72%,15.87%,"15,075"
Platinum,206,암베사,탑,48.24%,4.08%,7.59%,"85,493"
Platinum,207,오로라,미드,48.05%,4.98%,5.34%,"104,235"
Platinum,208,쉔,서폿,49.46%,1.02%,0.25%,"21,393"
Platinum,209,그웬,탑,48.59%,1.93%,1.27%,"40,512"
Platinum,210,카서스,정글,48.25%,2.09%,2.44%,"43,812"
Platinum,211,잭스,탑,48.06%,4.44%,2.93%,"93,038"
Platinum,212,이블린,정글,48.55%,1.57%,0.74%,"32,923"
Platinum,213,럼블,탑,48.29%,2.24%,1.15%,"46,987"
Platinum,214,키아나,미드,48.89%,0.97%,0.15%,"20,358"
Platinum,215,직스,미드,49.16%,0.53%,0.89%,"11,039"
Platinum,216,빅토르,탑,48.97%,0.73%,20.44%,"15,278"
Platinum,217,카타리나,미드,48.22%,3.92%,1.59%,"82,149"
Platinum,218,아지르,미드,48.47%,2.31%,0.26%,"48,450"
Platinum,219,엘리스,정글,48.10%,2.56%,5.96%,"53,647"
Platinum,220,카이사,바텀,48.19%,14.39%,1.06%,"301,435"
Platinum,221,멜,탑,48.60%,1.31%,65.36%,"27,379"
Platinum,222,바루스,바텀,48.56%,6.46%,1.46%,"135,294"
Platinum,223,니달리,서폿,49.33%,0.51%,1.65%,"10,705"
Platinum,224,애쉬,바텀,48.02%,10.94%,8.27%,"229,043"
Platinum,225,파이크,서폿,48.01%,5.71%,16.76%,"119,487"
Platinum,226,트리스타나,바텀,48.70%,3.25%,0.54%,"68,011"
Platinum,227,크산테,탑,46.91%,6.28%,4.30%,"131,461"
Platinum,228,아펠리오스,바텀,48.64%,2.62%,0.40%,"54,781"
Platinum,229,코르키,바텀,48.52%,3.48%,1.63%,"72,925"
Platinum,230,칼리스타,바텀,48.64%,2.02%,0.72%,"42,360"
Platinum,231,스웨인,서폿,48.50%,2.92%,2.77%,"61,188"
Platinum,232,말파이트,서폿,48.62%,1.25%,5.66%,"26,243"
Platinum,233,오로라,탑,48.08%,1.01%,5.34%,"21,177"
Platinum,234,헤카림,정글,47.22%,2.37%,0.30%,"49,539"
Platinum,235,야스오,탑,47.95%,1.91%,15.87%,"39,977"
Platinum,236,사일러스,서폿,48.07%,1.41%,17.54%,"29,424"
Platinum,237,제드,정글,47.29%,0.81%,14.87%,"16,877"
Platinum,238,탈리야,정글,47.16%,0.78%,0.28%,"16,292"
Platinum,239,레나타 글라스크,서폿,48.18%,0.80%,0.25%,"16,800"
Platinum,240,니달리,정글,46.22%,3.13%,1.65%,"65,605"
Platinum,241,마오카이,정글,46.91%,0.58%,2.84%,"12,092"
Platinum,242,베이가,서폿,47.46%,0.94%,1.16%,"19,637"
Platinum,243,코르키,미드,46.52%,0.56%,1.63%,"11,734"
Platinum,244,그라가스,정글,44.55%,1.68%,1.09%,"35,121"
Platinum,245,애쉬,서폿,45.90%,1.20%,8.27%,"25,124"
Platinum,246,사일러스,정글,43.94%,1.37%,17.54%,"28,742"
Platinum,247,스몰더,탑,44.49%,0.66%,0.66%,"13,820"
Platinum,248,미스 포츈,서폿,45.56%,0.91%,47.80%,"19,060"
Platinum,249,우디르,탑,43.88%,0.68%,0.29%,"14,238"
Platinum,250,리 신,탑,43.21%,1.14%,35.41%,"23,925"
Platinum,251,스몰더,미드,43.58%,0.59%,0.66%,"12,272"
Emerald,1,미스 포츈,바텀,53.80%,20.52%,64.59%,"75,056"
Emerald,2,제이스,탑,50.01%,15.68%,25.49%,"57,349"
Emerald,3,비에고,정글,50.27%,24.11%,23.87%,"88,163"
Emerald,4,리 신,정글,49.70%,34.34%,39.96%,"125,568"
Emerald,5,룰루,서폿,50.86%,14.57%,14.12%,"53,281"
Emerald,6,이렐리아,탑,51.11%,5.23%,38.55%,"19,142"
Emerald,7,렐,서폿,51.76%,9.03%,7.68%,"33,010"
Emerald,8,엘리스,서폿,51.47%,6.45%,24.17%,"23,582"
Emerald,9,다리우스,탑,51.24%,6.74%,16.44%,"24,655"
Emerald,10,뽀삐,서폿,52.08%,4.83%,16.93%,"17,655"
Emerald,11,스카너,정글,51.54%,7.34%,14.00%,"26,852"
Emerald,12,카르마,서폿,50.51%,15.63%,10.91%,"57,159"
Emerald,13,갈리오,미드,51.15%,9.48%,7.24%,"34,649"
Emerald,14,흐웨이,미드,50.68%,9.54%,10.43%,"34,898"
Emerald,15,워윅,탑,53.35%,2.93%,7.31%,"10,701"
Emerald,16,카시오페아,미드,53.18%,3.28%,14.85%,"12,011"
Emerald,17,카시오페아,탑,53.44%,2.09%,14.85%,"7,652"
Emerald,18,카서스,정글,51.58%,3.30%,17.09%,"12,062"
Emerald,19,브라움,서폿,51.43%,6.94%,7.55%,"25,376"
Emerald,20,뽀삐,탑,53.07%,2.13%,16.93%,"7,788"
Emerald,21,이렐리아,미드,50.97%,3.61%,38.55%,"13,197"
Emerald,22,샤코,정글,51.44%,3.60%,24.28%,"13,160"
Emerald,23,신지드,탑,54.09%,2.02%,0.42%,"7,369"
Emerald,24,탈리야,미드,53.11%,2.41%,0.70%,"8,806"
Emerald,25,쓰레쉬,서폿,50.37%,11.62%,3.44%,"42,504"
Emerald,26,탈론,미드,52.08%,3.51%,1.46%,"12,829"
Emerald,27,마오카이,서폿,52.07%,3.99%,2.19%,"14,593"
Emerald,28,이즈리얼,바텀,49.21%,39.81%,14.81%,"145,593"
Emerald,29,조이,미드,52.12%,3.45%,2.11%,"12,617"
Emerald,30,카시오페아,바텀,54.25%,0.83%,14.85%,"3,023"
Emerald,31,신드라,미드,51.59%,4.67%,1.41%,"17,072"
Emerald,32,신 짜오,정글,50.97%,7.44%,1.82%,"27,224"
Emerald,33,케넨,탑,52.35%,2.19%,1.66%,"8,011"
Emerald,34,애니,미드,53.43%,1.10%,0.14%,"4,035"
Emerald,35,갱플랭크,탑,50.92%,4.69%,2.39%,"17,163"
Emerald,36,징크스,바텀,50.76%,17.38%,2.04%,"63,571"
Emerald,37,애니비아,미드,52.60%,1.73%,0.93%,"6,336"
Emerald,38,암베사,탑,49.24%,6.93%,12.29%,"25,324"
Emerald,39,그라가스,탑,51.22%,4.69%,1.39%,"17,152"
Emerald,40,레오나,서폿,50.41%,7.08%,5.29%,"25,880"
Emerald,41,녹턴,정글,50.93%,6.86%,7.22%,"25,094"
Emerald,42,빅토르,미드,49.23%,11.03%,19.74%,"40,353"
Emerald,43,파이크,서폿,49.46%,7.12%,36.75%,"26,052"
Emerald,44,피들스틱,서폿,53.14%,0.87%,0.93%,"3,184"
Emerald,45,제이스,미드,51.32%,1.79%,25.49%,"6,545"
Emerald,46,바이,정글,50.08%,9.95%,2.87%,"36,376"
Emerald,47,리븐,탑,50.96%,4.12%,1.13%,"15,052"
Emerald,48,피오라,탑,50.03%,3.73%,4.26%,"13,649"
Emerald,49,벨베스,정글,51.63%,2.08%,1.38%,"7,597"
Emerald,50,말자하,미드,51.99%,3.22%,0.98%,"11,767"
Emerald,51,아우렐리온 솔,미드,52.51%,1.63%,0.18%,"5,951"
Emerald,52,니코,미드,52.88%,1.11%,1.52%,"4,041"
Emerald,53,제라스,미드,50.41%,4.82%,8.05%,"17,618"
Emerald,54,킨드레드,정글,51.16%,3.38%,0.91%,"12,378"
Emerald,55,럼블,탑,50.62%,3.62%,1.97%,"13,221"
Emerald,56,벡스,미드,51.06%,2.88%,3.94%,"10,544"
Emerald,57,아크샨,미드,51.91%,1.99%,1.08%,"7,264"
Emerald,58,드레이븐,바텀,51.28%,2.88%,4.40%,"10,543"
Emerald,59,누누와 윌럼프,정글,52.02%,2.23%,0.60%,"8,143"
Emerald,60,키아나,미드,51.62%,2.16%,0.54%,"7,902"
Emerald,61,아트록스,탑,49.20%,8.37%,5.98%,"30,625"
Emerald,62,마스터 이,정글,50.77%,4.62%,2.10%,"16,905"
Emerald,63,사일러스,미드,48.79%,13.54%,15.15%,"49,505"
Emerald,64,올라프,탑,52.11%,1.82%,0.96%,"6,663"
Emerald,65,니코,서폿,50.86%,2.93%,1.52%,"10,729"
Emerald,66,레넥톤,탑,49.50%,5.27%,4.67%,"19,259"
Emerald,67,세트,탑,51.04%,4.45%,0.66%,"16,263"
Emerald,68,세나,서폿,50.95%,4.26%,0.61%,"15,580"
Emerald,69,닐라,바텀,53.53%,0.89%,0.57%,"3,254"
Emerald,70,아리,미드,50.17%,7.21%,0.89%,"26,365"
Emerald,71,티모,탑,50.73%,2.94%,4.26%,"10,762"
Emerald,72,오공,정글,50.43%,7.15%,4.09%,"26,132"
Emerald,73,리산드라,미드,51.34%,3.02%,0.52%,"11,060"
Emerald,74,시비르,바텀,51.36%,6.14%,1.14%,"22,445"
Emerald,75,다이애나,정글,50.83%,6.60%,1.61%,"24,153"
Emerald,76,니달리,정글,49.06%,6.29%,5.95%,"22,996"
Emerald,77,아이번,정글,52.84%,0.93%,0.20%,"3,393"
Emerald,78,오리아나,미드,50.01%,5.52%,1.40%,"20,191"
Emerald,79,크산테,탑,48.26%,10.24%,8.82%,"37,435"
Emerald,80,나르,탑,50.01%,5.02%,3.09%,"18,347"
Emerald,81,제드,미드,49.11%,6.45%,13.19%,"23,597"
Emerald,82,벨코즈,서폿,51.76%,1.55%,0.20%,"5,680"
Emerald,83,알리스타,서폿,50.00%,6.20%,1.45%,"22,674"
Emerald,84,렉사이,정글,51.57%,1.67%,0.86%,"6,122"
Emerald,85,워윅,정글,51.06%,2.04%,7.31%,"7,473"
Emerald,86,나피리,미드,52.88%,0.75%,0.31%,"2,729"
Emerald,87,코르키,바텀,49.52%,8.96%,5.65%,"32,764"
Emerald,88,그레이브즈,정글,48.92%,7.11%,7.48%,"25,997"
Emerald,89,우르곳,탑,51.69%,1.61%,0.17%,"5,905"
Emerald,90,릴리아,정글,50.05%,4.72%,2.39%,"17,272"
Emerald,91,문도 박사,탑,50.70%,3.34%,0.83%,"12,216"
Emerald,92,판테온,미드,51.97%,1.03%,1.11%,"3,775"
Emerald,93,노틸러스,서폿,49.15%,9.65%,8.94%,"35,283"
Emerald,94,샤코,서폿,50.12%,2.00%,24.28%,"7,297"
Emerald,95,자이라,정글,50.29%,2.55%,2.85%,"9,330"
Emerald,96,그웬,탑,50.79%,2.08%,1.47%,"7,594"
Emerald,97,카밀,탑,50.90%,2.55%,0.36%,"9,309"
Emerald,98,루시안,바텀,51.10%,4.65%,0.61%,"17,020"
Emerald,99,트린다미어,탑,51.77%,1.51%,0.58%,"5,509"
Emerald,100,베이가,미드,51.40%,1.52%,0.14%,"5,558"
Emerald,101,멜,미드,48.36%,8.45%,72.12%,"30,897"
Emerald,102,블리츠크랭크,서폿,48.54%,7.98%,22.37%,"29,197"
Emerald,103,바드,서폿,50.00%,3.63%,0.24%,"13,262"
Emerald,104,말파이트,미드,53.46%,0.60%,2.96%,"2,183"
Emerald,105,럭스,미드,51.45%,1.58%,1.09%,"5,763"
Emerald,106,하이머딩거,탑,52.21%,1.20%,1.19%,"4,405"
Emerald,107,그웬,정글,51.21%,0.78%,1.47%,"2,843"
Emerald,108,헤카림,정글,49.60%,4.88%,0.97%,"17,832"
Emerald,109,오로라,미드,48.66%,7.33%,10.58%,"26,804"
Emerald,110,자이라,서폿,50.48%,2.93%,2.85%,"10,726"
Emerald,111,베인,바텀,51.13%,2.01%,1.20%,"7,357"
Emerald,112,바루스,바텀,49.46%,9.98%,2.78%,"36,482"
Emerald,113,나미,서폿,50.33%,2.67%,0.16%,"9,775"
Emerald,114,유미,서폿,49.72%,8.57%,8.52%,"31,321"
Emerald,115,애쉬,바텀,49.24%,7.50%,6.45%,"27,421"
Emerald,116,쉔,탑,50.43%,2.49%,0.20%,"9,104"
Emerald,117,에코,미드,50.71%,1.68%,0.30%,"6,157"
Emerald,118,트위스티드 페이트,미드,50.09%,3.47%,0.23%,"12,707"
Emerald,119,자크,탑,50.89%,1.71%,1.67%,"6,247"
Emerald,120,볼리베어,탑,50.33%,2.62%,2.23%,"9,564"
Emerald,121,블라디미르,탑,49.78%,3.45%,1.13%,"12,632"
Emerald,122,오른,탑,50.16%,2.58%,0.12%,"9,430"
Emerald,123,르블랑,미드,48.48%,5.73%,35.63%,"20,960"
Emerald,124,카사딘,미드,50.68%,1.02%,0.20%,"3,737"
Emerald,125,흐웨이,바텀,51.60%,0.78%,10.43%,"2,841"
Emerald,126,스웨인,미드,51.12%,1.15%,0.72%,"4,200"
Emerald,127,야스오,미드,48.78%,6.79%,14.00%,"24,822"
Emerald,128,트리스타나,바텀,50.78%,2.67%,0.28%,"9,768"
Emerald,129,모데카이저,탑,49.85%,3.35%,1.53%,"12,257"
Emerald,130,아칼리,미드,48.69%,8.37%,9.08%,"30,590"
Emerald,131,피들스틱,정글,50.47%,2.12%,0.93%,"7,755"
Emerald,132,탈론,정글,49.88%,2.30%,1.46%,"8,396"
Emerald,133,카르마,미드,50.72%,0.79%,10.91%,"2,900"
Emerald,134,요릭,탑,50.70%,1.96%,1.51%,"7,184"
Emerald,135,클레드,탑,50.78%,1.38%,0.30%,"5,041"
Emerald,136,카르마,탑,50.73%,1.22%,10.91%,"4,471"
Emerald,137,타릭,서폿,51.06%,0.97%,0.08%,"3,545"
Emerald,138,라이즈,미드,50.85%,2.08%,0.48%,"7,619"
Emerald,139,키아나,정글,51.25%,0.66%,0.54%,"2,398"
Emerald,140,코그모,바텀,52.17%,0.95%,0.24%,"3,481"
Emerald,141,렝가,탑,51.40%,0.77%,0.36%,"2,817"
Emerald,142,트위치,바텀,50.50%,2.05%,0.47%,"7,491"
Emerald,143,엘리스,정글,48.91%,3.38%,24.17%,"12,348"
Emerald,144,가렌,미드,52.14%,0.75%,2.26%,"2,756"
Emerald,145,멜,바텀,49.52%,1.90%,72.12%,"6,942"
Emerald,146,마오카이,탑,49.84%,2.82%,2.19%,"10,302"
Emerald,147,라칸,서폿,49.36%,4.90%,0.72%,"17,927"
Emerald,148,직스,바텀,50.92%,1.72%,0.45%,"6,278"
Emerald,149,볼리베어,정글,51.50%,0.70%,2.23%,"2,573"
Emerald,150,니달리,서폿,50.90%,0.68%,5.95%,"2,489"
Emerald,151,소라카,서폿,49.76%,3.10%,0.17%,"11,343"
Emerald,152,잭스,탑,48.45%,4.60%,5.25%,"16,807"
Emerald,153,질리언,서폿,50.01%,2.17%,0.27%,"7,927"
Emerald,154,탈리야,정글,49.63%,1.65%,0.70%,"6,035"
Emerald,155,모르가나,서폿,49.83%,2.70%,4.35%,"9,880"
Emerald,156,케이틀린,바텀,48.70%,14.22%,7.71%,"52,007"
Emerald,157,잔나,서폿,50.62%,1.51%,0.12%,"5,537"
Emerald,158,베인,탑,50.48%,1.13%,1.20%,"4,148"
Emerald,159,카타리나,미드,49.26%,4.31%,1.75%,"15,764"
Emerald,160,이블린,정글,49.40%,1.45%,0.57%,"5,294"
Emerald,161,라이즈,탑,50.66%,1.52%,0.48%,"5,570"
Emerald,162,흐웨이,서폿,50.11%,0.89%,10.43%,"3,265"
Emerald,163,판테온,정글,49.57%,2.26%,1.11%,"8,253"
Emerald,164,오공,탑,50.57%,1.18%,4.09%,"4,303"
Emerald,165,소나,서폿,51.08%,0.83%,0.03%,"3,017"
Emerald,166,진,바텀,49.26%,15.47%,1.23%,"56,571"
Emerald,167,자크,정글,48.93%,4.12%,1.67%,"15,076"
Emerald,168,벨코즈,미드,51.28%,0.53%,0.20%,"1,952"
Emerald,169,브라이어,정글,49.69%,2.01%,0.41%,"7,362"
Emerald,170,바루스,탑,51.27%,0.96%,2.78%,"3,497"
Emerald,171,요네,미드,48.16%,9.18%,8.57%,"33,569"
Emerald,172,초가스,미드,52.54%,0.61%,0.11%,"2,223"
Emerald,173,하이머딩거,서폿,50.47%,0.52%,1.19%,"1,914"
Emerald,174,자르반 4세,정글,49.47%,3.20%,0.12%,"11,703"
Emerald,175,카직스,정글,48.95%,4.08%,1.11%,"14,908"
Emerald,176,블라디미르,미드,50.31%,1.96%,1.13%,"7,167"
Emerald,177,판테온,탑,49.64%,2.11%,1.11%,"7,710"
Emerald,178,럭스,서폿,49.13%,5.32%,1.09%,"19,471"
Emerald,179,레넥톤,미드,50.75%,0.55%,4.67%,"2,008"
Emerald,180,다이애나,미드,49.63%,2.26%,1.61%,"8,269"
Emerald,181,자야,바텀,50.36%,3.09%,0.29%,"11,297"
Emerald,182,사이온,탑,49.68%,2.72%,0.23%,"9,963"
Emerald,183,칼리스타,바텀,49.45%,3.43%,1.31%,"12,551"
Emerald,184,피즈,미드,49.67%,1.43%,0.60%,"5,226"
Emerald,185,케인,정글,49.20%,2.57%,0.23%,"9,385"
Emerald,186,아칼리,탑,50.00%,1.73%,9.08%,"6,322"
Emerald,187,케일,탑,50.06%,1.43%,0.41%,"5,228"
Emerald,188,가렌,탑,48.63%,5.96%,2.26%,"21,790"
Emerald,189,세주아니,정글,49.46%,2.38%,0.15%,"8,704"
Emerald,190,제리,바텀,49.31%,5.14%,0.25%,"18,785"
Emerald,191,말파이트,탑,49.25%,2.86%,2.96%,"10,457"
Emerald,192,요네,탑,48.20%,5.75%,8.57%,"21,036"
Emerald,193,갈리오,서폿,49.42%,0.78%,7.24%,"2,863"
Emerald,194,오로라,탑,49.07%,1.33%,10.58%,"4,869"
Emerald,195,잭스,정글,49.51%,0.58%,5.25%,"2,137"
Emerald,196,초가스,탑,49.96%,1.23%,0.11%,"4,484"
Emerald,197,세라핀,서폿,48.81%,2.85%,0.17%,"10,415"
Emerald,198,탐 켄치,서폿,49.41%,1.95%,0.70%,"7,143"
Emerald,199,에코,정글,49.43%,2.26%,0.30%,"8,267"
Emerald,200,야스오,탑,48.85%,1.68%,14.00%,"6,148"
Emerald,201,일라오이,탑,49.23%,1.46%,1.25%,"5,352"
Emerald,202,뽀삐,정글,49.93%,0.96%,16.93%,"3,509"
Emerald,203,스웨인,바텀,49.42%,0.61%,0.72%,"2,232"
Emerald,204,아지르,미드,48.46%,3.19%,0.30%,"11,656"
Emerald,205,빅토르,바텀,50.76%,0.54%,19.74%,"1,976"
Emerald,206,제라스,서폿,48.80%,5.12%,8.05%,"18,726"
Emerald,207,아무무,서폿,51.54%,0.60%,0.14%,"2,204"
Emerald,208,브랜드,서폿,49.92%,0.85%,0.13%,"3,123"
Emerald,209,카이사,바텀,48.00%,16.70%,0.65%,"61,054"
Emerald,210,사일러스,탑,48.66%,1.52%,15.15%,"5,567"
Emerald,211,멜,서폿,48.09%,2.67%,72.12%,"9,755"
Emerald,212,판테온,서폿,48.26%,2.12%,1.11%,"7,745"
Emerald,213,멜,탑,48.44%,0.75%,72.12%,"2,754"
Emerald,214,아펠리오스,바텀,48.73%,3.62%,0.20%,"13,255"
Emerald,215,럼블,정글,48.36%,0.52%,1.97%,"1,886"
Emerald,216,탐 켄치,탑,48.63%,1.07%,0.70%,"3,911"
Emerald,217,스웨인,탑,49.92%,0.70%,0.72%,"2,576"
Emerald,218,제드,정글,49.47%,0.79%,13.19%,"2,901"
Emerald,219,밀리오,서폿,49.11%,1.27%,0.12%,"4,632"
Emerald,220,르블랑,서폿,48.52%,1.20%,35.63%,"4,386"
Emerald,221,코르키,미드,48.04%,1.18%,5.65%,"4,301"
Emerald,222,스웨인,서폿,48.14%,1.43%,0.72%,"5,228"
Emerald,223,아무무,정글,48.70%,1.22%,0.14%,"4,448"
Emerald,224,사일러스,서폿,47.77%,1.29%,15.15%,"4,718"
Emerald,225,사미라,바텀,48.07%,2.12%,1.12%,"7,740"
Emerald,226,조이,서폿,48.42%,0.84%,2.11%,"3,071"
Emerald,227,퀸,탑,48.75%,0.70%,0.35%,"2,566"
Emerald,228,우디르,정글,48.36%,0.76%,0.28%,"2,781"
Emerald,229,람머스,정글,47.93%,0.87%,1.15%,"3,196"
Emerald,230,암베사,미드,47.37%,0.90%,12.29%,"3,306"
Emerald,231,그라가스,정글,46.48%,2.00%,1.39%,"7,300"
Emerald,232,트런들,탑,47.76%,1.17%,0.18%,"4,280"
Emerald,233,레나타 글라스크,서폿,47.56%,1.10%,0.18%,"4,016"
Emerald,234,스몰더,바텀,47.52%,2.29%,0.29%,"8,379"
Emerald,235,나서스,탑,47.32%,1.26%,0.79%,"4,598"
Emerald,236,우디르,탑,47.29%,0.92%,0.28%,"3,364"
Emerald,237,빅토르,탑,48.02%,0.72%,19.74%,"2,649"
Emerald,238,자크,서폿,48.07%,0.74%,1.67%,"2,698"
Emerald,239,쉬바나,정글,47.83%,0.76%,0.10%,"2,764"
Emerald,240,리 신,탑,44.41%,0.87%,39.96%,"3,191"
Emerald,241,스몰더,미드,44.97%,0.56%,0.29%,"2,039"
Emerald,242,사일러스,정글,41.66%,0.58%,15.15%,"2,134"
Diamond,1,제이스,탑,50.06%,16.10%,31.25%,"21,152"
Diamond,2,비에고,정글,50.27%,26.71%,25.97%,"35,095"
Diamond,3,미스 포츈,바텀,53.35%,21.10%,62.98%,"27,726"
Diamond,4,리 신,정글,49.55%,33.40%,36.26%,"43,890"
Diamond,5,렐,서폿,51.84%,12.59%,11.14%,"16,546"
Diamond,6,엘리스,서폿,52.06%,7.31%,30.40%,"9,607"
Diamond,7,갈리오,미드,51.56%,10.76%,8.59%,"14,132"
Diamond,8,이렐리아,탑,50.36%,5.19%,33.96%,"6,819"
Diamond,9,스카너,정글,51.82%,9.12%,17.52%,"11,988"
Diamond,10,뽀삐,서폿,52.80%,5.62%,20.35%,"7,387"
Diamond,11,카르마,서폿,50.45%,16.43%,10.93%,"21,583"
Diamond,12,흐웨이,미드,50.59%,9.97%,9.71%,"13,104"
Diamond,13,카서스,정글,52.23%,3.62%,27.58%,"4,758"
Diamond,14,암베사,탑,49.62%,7.87%,13.79%,"10,339"
Diamond,15,룰루,서폿,49.89%,14.21%,10.55%,"18,673"
Diamond,16,크산테,탑,48.89%,12.29%,11.56%,"16,145"
Diamond,17,이즈리얼,바텀,49.02%,39.18%,16.20%,"51,474"
Diamond,18,파이크,서폿,49.54%,7.49%,45.62%,"9,845"
Diamond,19,이렐리아,미드,51.14%,3.42%,33.96%,"4,492"
Diamond,20,브라움,서폿,50.85%,7.88%,8.00%,"10,356"
Diamond,21,니달리,정글,50.04%,7.68%,9.70%,"10,095"
Diamond,22,다리우스,탑,50.29%,5.97%,12.38%,"7,841"
Diamond,23,코르키,바텀,50.39%,12.90%,8.65%,"16,945"
Diamond,24,뽀삐,탑,53.74%,2.13%,20.35%,"2,804"
Diamond,25,피오라,탑,52.11%,4.23%,5.23%,"5,557"
Diamond,26,카시오페아,탑,54.21%,2.39%,12.85%,"3,145"
Diamond,27,레넥톤,탑,49.75%,6.21%,5.14%,"8,157"
Diamond,28,제이스,미드,52.64%,2.18%,31.25%,"2,865"
Diamond,29,제드,미드,49.49%,5.67%,11.55%,"7,456"
Diamond,30,카시오페아,미드,52.63%,2.88%,12.85%,"3,787"
Diamond,31,조이,미드,52.73%,3.85%,3.27%,"5,056"
Diamond,32,럼블,탑,50.80%,4.85%,3.00%,"6,374"
Diamond,33,탈론,미드,52.54%,3.80%,1.52%,"4,996"
Diamond,34,사일러스,미드,48.68%,13.39%,13.50%,"17,594"
Diamond,35,워윅,탑,52.34%,2.99%,6.04%,"3,934"
Diamond,36,샤코,정글,52.06%,3.10%,14.40%,"4,072"
Diamond,37,탈리야,미드,53.38%,2.74%,0.72%,"3,597"
Diamond,38,쓰레쉬,서폿,50.21%,10.87%,2.80%,"14,283"
Diamond,39,신드라,미드,52.02%,4.67%,1.05%,"6,142"
Diamond,40,징크스,바텀,50.55%,16.46%,1.63%,"21,631"
Diamond,41,마오카이,서폿,52.62%,4.45%,1.61%,"5,850"
Diamond,42,레오나,서폿,49.96%,7.49%,4.06%,"9,846"
Diamond,43,빅토르,미드,48.65%,9.91%,16.40%,"13,026"
Diamond,44,블리츠크랭크,서폿,49.55%,7.36%,15.85%,"9,673"
Diamond,45,그레이브즈,정글,49.80%,7.02%,7.00%,"9,226"
Diamond,46,케넨,탑,54.89%,2.24%,1.80%,"2,937"
Diamond,47,갱플랭크,탑,51.46%,4.42%,1.83%,"5,812"
Diamond,48,신 짜오,정글,51.53%,7.09%,1.26%,"9,320"
Diamond,49,그라가스,탑,51.27%,4.90%,1.16%,"6,440"
Diamond,50,오로라,미드,48.85%,8.12%,12.91%,"10,673"
Diamond,51,키아나,미드,52.39%,2.88%,1.01%,"3,789"
Diamond,52,오리아나,미드,50.13%,6.03%,2.15%,"7,918"
Diamond,53,킨드레드,정글,52.01%,4.23%,0.97%,"5,553"
Diamond,54,아트록스,탑,49.15%,7.49%,4.76%,"9,840"
Diamond,55,벨베스,정글,52.41%,3.00%,2.46%,"3,942"
Diamond,56,리븐,탑,51.96%,3.94%,0.90%,"5,179"
Diamond,57,애니비아,미드,54.34%,1.63%,0.89%,"2,142"
Diamond,58,드레이븐,바텀,51.14%,3.03%,7.20%,"3,985"
Diamond,59,잭스,탑,49.13%,4.85%,6.31%,"6,371"
Diamond,60,바이,정글,49.59%,9.55%,2.39%,"12,551"
Diamond,61,애쉬,바텀,50.23%,6.76%,5.70%,"8,882"
Diamond,62,멜,미드,48.18%,8.12%,69.39%,"10,674"
Diamond,63,제라스,미드,50.10%,4.46%,3.28%,"5,860"
Diamond,64,벡스,미드,50.38%,2.87%,3.26%,"3,771"
Diamond,65,신지드,탑,53.57%,2.27%,0.49%,"2,983"
Diamond,66,아크샨,미드,51.51%,2.17%,1.26%,"2,848"
Diamond,67,니코,서폿,51.21%,3.47%,1.76%,"4,560"
Diamond,68,아리,미드,50.46%,6.59%,0.60%,"8,653"
Diamond,69,애니,미드,53.90%,1.17%,0.15%,"1,538"
Diamond,70,세나,서폿,51.29%,4.45%,0.57%,"5,843"
Diamond,71,리산드라,미드,52.14%,3.04%,0.44%,"3,989"
Diamond,72,바드,서폿,50.97%,4.90%,0.42%,"6,439"
Diamond,73,피들스틱,서폿,54.59%,0.94%,1.16%,"1,231"
Diamond,74,우르곳,탑,53.29%,1.62%,0.21%,"2,126"
Diamond,75,르블랑,미드,48.31%,4.96%,37.29%,"6,512"
Diamond,76,자이라,정글,50.32%,3.23%,3.73%,"4,239"
Diamond,77,멜,바텀,49.60%,2.49%,69.39%,"3,276"
Diamond,78,마스터 이,정글,51.00%,4.29%,1.64%,"5,643"
Diamond,79,헤카림,정글,49.87%,5.64%,1.52%,"7,412"
Diamond,80,바루스,바텀,49.65%,11.81%,3.41%,"15,516"
Diamond,81,세트,탑,51.07%,3.92%,0.40%,"5,152"
Diamond,82,닐라,바텀,56.84%,0.86%,0.38%,"1,126"
Diamond,83,아칼리,미드,48.24%,8.45%,8.31%,"11,108"
Diamond,84,노틸러스,서폿,48.52%,10.60%,6.71%,"13,926"
Diamond,85,올라프,탑,52.72%,1.96%,0.93%,"2,570"
Diamond,86,카시오페아,바텀,55.08%,1.16%,12.85%,"1,527"
Diamond,87,티모,탑,51.46%,2.38%,2.16%,"3,123"
Diamond,88,아이번,정글,53.56%,1.23%,0.27%,"1,617"
Diamond,89,렉사이,정글,51.71%,2.00%,0.86%,"2,632"
Diamond,90,니코,미드,52.36%,1.45%,1.76%,"1,908"
Diamond,91,나르,탑,49.16%,5.01%,4.00%,"6,589"
Diamond,92,릴리아,정글,50.31%,4.42%,2.06%,"5,812"
Diamond,93,흐웨이,바텀,52.94%,1.30%,9.71%,"1,702"
Diamond,94,아우렐리온 솔,미드,52.95%,1.72%,0.14%,"2,257"
Diamond,95,누누와 윌럼프,정글,51.52%,2.57%,0.62%,"3,379"
Diamond,96,그웬,탑,51.82%,1.97%,1.35%,"2,588"
Diamond,97,알리스타,서폿,49.29%,7.59%,1.41%,"9,973"
Diamond,98,럼블,미드,54.37%,0.55%,3.00%,721
Diamond,99,키아나,정글,53.13%,0.88%,1.01%,"1,152"
Diamond,100,문도 박사,탑,49.89%,3.47%,0.70%,"4,554"
Diamond,101,시비르,바텀,50.92%,5.20%,0.65%,"6,830"
Diamond,102,요네,미드,48.54%,9.23%,7.15%,"12,126"
Diamond,103,카르마,탑,51.35%,1.27%,10.93%,"1,671"
Diamond,104,아지르,미드,49.58%,3.65%,0.40%,"4,802"
Diamond,105,라칸,서폿,48.96%,6.42%,1.02%,"8,432"
Diamond,106,트린다미어,탑,51.18%,1.80%,0.90%,"2,368"
Diamond,107,녹턴,정글,49.56%,5.59%,3.61%,"7,348"
Diamond,108,케이틀린,바텀,48.55%,11.79%,5.87%,"15,494"
Diamond,109,말자하,미드,50.87%,2.45%,0.42%,"3,220"
Diamond,110,에코,미드,51.07%,1.96%,0.23%,"2,573"
Diamond,111,블라디미르,탑,49.26%,4.03%,1.35%,"5,300"
Diamond,112,카밀,탑,50.83%,2.52%,0.39%,"3,305"
Diamond,113,카타리나,미드,49.22%,4.41%,1.76%,"5,796"
Diamond,114,판테온,미드,51.55%,1.16%,1.15%,"1,521"
Diamond,115,소라카,서폿,50.50%,3.17%,0.13%,"4,170"
Diamond,116,야스오,미드,48.10%,6.35%,12.92%,"8,349"
Diamond,117,렝가,탑,52.31%,0.97%,0.67%,"1,277"
Diamond,118,트위스티드 페이트,미드,50.24%,3.68%,0.24%,"4,833"
Diamond,119,럭스,미드,51.69%,1.15%,0.51%,"1,511"
Diamond,120,니달리,서폿,52.82%,0.76%,9.70%,992
Diamond,121,벨코즈,서폿,52.27%,1.41%,0.21%,"1,852"
Diamond,122,마오카이,탑,50.09%,2.59%,1.61%,"3,398"
Diamond,123,루시안,바텀,50.95%,3.58%,0.38%,"4,703"
Diamond,124,이블린,정글,50.38%,1.40%,0.48%,"1,838"
Diamond,125,나미,서폿,50.61%,2.24%,0.10%,"2,938"
Diamond,126,클레드,탑,50.68%,1.62%,0.25%,"2,127"
Diamond,127,엘리스,정글,48.86%,3.37%,30.40%,"4,427"
Diamond,128,흐웨이,서폿,52.44%,0.76%,9.71%,"1,005"
Diamond,129,탈리야,정글,50.80%,1.91%,0.72%,"2,512"
Diamond,130,쉔,탑,49.75%,2.59%,0.27%,"3,397"
Diamond,131,갈리오,서폿,50.31%,0.85%,8.59%,"1,121"
Diamond,132,자크,탑,51.39%,1.72%,1.67%,"2,263"
Diamond,133,베인,바텀,50.43%,1.23%,0.66%,"1,616"
Diamond,134,칼리스타,바텀,49.22%,4.39%,2.30%,"5,764"
Diamond,135,그웬,정글,51.86%,0.74%,1.35%,966
Diamond,136,모데카이저,탑,49.06%,2.76%,0.73%,"3,624"
Diamond,137,자크,정글,49.36%,3.93%,1.67%,"5,162"
Diamond,138,다이애나,정글,49.72%,4.67%,1.09%,"6,132"
Diamond,139,탈론,정글,49.85%,2.36%,1.52%,"3,099"
Diamond,140,피즈,미드,51.23%,1.11%,0.38%,"1,464"
Diamond,141,세라핀,서폿,49.20%,2.88%,0.17%,"3,789"
Diamond,142,판테온,탑,49.59%,2.31%,1.15%,"3,041"
Diamond,143,트위치,바텀,50.23%,1.81%,0.40%,"2,383"
Diamond,144,오른,탑,50.48%,2.24%,0.09%,"2,940"
Diamond,145,판테온,정글,49.27%,2.81%,1.15%,"3,698"
Diamond,146,잔나,서폿,50.16%,1.70%,0.10%,"2,237"
Diamond,147,요네,탑,48.21%,5.24%,7.15%,"6,884"
Diamond,148,볼리베어,탑,49.13%,2.33%,1.70%,"3,059"
Diamond,149,코그모,바텀,52.21%,0.81%,0.13%,"1,065"
Diamond,150,오공,정글,48.63%,6.67%,3.00%,"8,770"
Diamond,151,카직스,정글,49.41%,3.92%,1.06%,"5,145"
Diamond,152,질리언,서폿,50.23%,1.99%,0.21%,"2,610"
Diamond,153,직스,바텀,50.53%,1.72%,0.39%,"2,266"
Diamond,154,타릭,서폿,50.79%,1.10%,0.10%,"1,449"
Diamond,155,카사딘,미드,51.01%,0.83%,0.15%,"1,092"
Diamond,156,제리,바텀,49.31%,5.77%,0.19%,"7,581"
Diamond,157,코르키,미드,48.44%,1.73%,8.65%,"2,273"
Diamond,158,트리스타나,바텀,49.15%,2.99%,0.33%,"3,923"
Diamond,159,판테온,서폿,49.37%,2.07%,1.15%,"2,714"
Diamond,160,진,바텀,49.00%,14.24%,0.70%,"18,708"
Diamond,161,럭스,서폿,48.97%,3.49%,0.51%,"4,591"
Diamond,162,다이애나,미드,50.59%,2.19%,1.09%,"2,872"
Diamond,163,베인,탑,51.09%,1.01%,0.66%,"1,331"
Diamond,164,카이사,바텀,48.25%,16.36%,0.55%,"21,498"
Diamond,165,라이즈,미드,49.67%,2.17%,0.48%,"2,851"
Diamond,166,카르마,미드,49.67%,0.92%,10.93%,"1,214"
Diamond,167,요릭,탑,49.86%,1.37%,0.57%,"1,799"
Diamond,168,하이머딩거,탑,50.70%,0.87%,0.86%,"1,146"
Diamond,169,하이머딩거,서폿,50.61%,0.62%,0.86%,820
Diamond,170,스웨인,바텀,52.30%,0.75%,0.36%,979
Diamond,171,럼블,정글,50.46%,0.66%,3.00%,868
Diamond,172,스웨인,미드,50.57%,1.06%,0.36%,"1,392"
Diamond,173,베이가,미드,50.80%,1.33%,0.10%,"1,744"
Diamond,174,야스오,탑,48.55%,1.65%,12.92%,"2,167"
Diamond,175,샤코,서폿,48.95%,1.48%,14.40%,"1,945"
Diamond,176,모르가나,서폿,49.76%,1.71%,1.75%,"2,251"
Diamond,177,브라이어,정글,50.62%,1.66%,0.26%,"2,175"
Diamond,178,스웨인,서폿,49.63%,1.13%,0.36%,"1,489"
Diamond,179,워윅,정글,49.88%,1.57%,6.04%,"2,063"
Diamond,180,피들스틱,정글,48.94%,1.95%,1.16%,"2,558"
Diamond,181,바루스,탑,52.42%,1.08%,3.41%,"1,425"
Diamond,182,벨코즈,미드,51.49%,0.51%,0.21%,670
Diamond,183,자이라,서폿,48.75%,2.15%,3.73%,"2,831"
Diamond,184,오로라,탑,48.63%,1.51%,12.91%,"1,978"
Diamond,185,사이온,탑,48.43%,2.57%,0.18%,"3,376"
Diamond,186,렝가,정글,50.96%,0.60%,0.67%,783
Diamond,187,카밀,서폿,50.35%,0.54%,0.39%,713
Diamond,188,라이즈,탑,49.17%,1.60%,0.48%,"2,099"
Diamond,189,레넥톤,미드,48.60%,0.63%,5.14%,823
Diamond,190,케인,정글,49.64%,2.02%,0.20%,"2,657"
Diamond,191,오공,탑,49.16%,1.04%,3.00%,"1,369"
Diamond,192,잭스,정글,50.27%,0.71%,6.31%,931
Diamond,193,자야,바텀,49.80%,2.70%,0.26%,"3,552"
Diamond,194,가렌,탑,48.69%,4.78%,1.39%,"6,283"
Diamond,195,탐 켄치,서폿,49.13%,1.53%,0.34%,"2,011"
Diamond,196,사일러스,서폿,48.82%,1.03%,13.50%,"1,352"
Diamond,197,레나타 글라스크,서폿,48.81%,1.28%,0.22%,"1,680"
Diamond,198,암베사,미드,47.72%,1.24%,13.79%,"1,624"
Diamond,199,탐 켄치,탑,48.80%,0.85%,0.34%,"1,123"
Diamond,200,자르반 4세,정글,48.85%,2.98%,0.10%,"3,912"
Diamond,201,블라디미르,미드,47.68%,1.82%,1.35%,"2,389"
Diamond,202,사일러스,탑,49.12%,1.33%,13.50%,"1,753"
Diamond,203,우디르,탑,48.10%,1.10%,0.36%,"1,451"
Diamond,204,케일,탑,49.78%,1.02%,0.24%,"1,346"
Diamond,205,갈리오,탑,48.78%,0.53%,8.59%,699
Diamond,206,소나,서폿,49.49%,0.75%,0.03%,982
Diamond,207,일라오이,탑,48.12%,1.15%,0.71%,"1,513"
Diamond,208,빅토르,바텀,49.24%,0.70%,16.40%,918
Diamond,209,유미,서폿,47.48%,7.58%,7.96%,"9,953"
Diamond,210,아펠리오스,바텀,47.98%,3.88%,0.17%,"5,102"
Diamond,211,가렌,미드,49.14%,0.62%,1.39%,810
Diamond,212,조이,서폿,48.10%,1.02%,3.27%,"1,343"
Diamond,213,멜,서폿,46.29%,2.37%,69.39%,"3,115"
Diamond,214,세주아니,정글,48.14%,2.13%,0.09%,"2,794"
Diamond,215,말파이트,미드,53.71%,0.50%,2.33%,661
Diamond,216,아칼리,탑,47.38%,1.55%,8.31%,"2,043"
Diamond,217,초가스,미드,53.13%,0.52%,0.10%,687
Diamond,218,말파이트,탑,47.31%,2.31%,2.33%,"3,029"
Diamond,219,그라가스,정글,47.57%,1.81%,1.16%,"2,382"
Diamond,220,에코,정글,46.87%,1.76%,0.23%,"2,317"
Diamond,221,사미라,바텀,46.67%,1.52%,0.83%,"1,995"
Diamond,222,신지드,미드,52.82%,0.51%,0.49%,674
Diamond,223,누누와 윌럼프,미드,51.88%,0.53%,0.62%,690
Diamond,224,밀리오,서폿,48.03%,0.85%,0.08%,"1,114"
Diamond,225,나피리,미드,51.63%,0.51%,0.20%,674
Diamond,226,스몰더,바텀,47.67%,2.14%,0.24%,"2,817"
Diamond,227,제라스,서폿,46.61%,3.13%,3.28%,"4,115"
Diamond,228,뽀삐,정글,48.01%,0.84%,20.35%,"1,104"
Diamond,229,볼리베어,정글,52.19%,0.56%,1.70%,730
Diamond,230,나서스,탑,46.52%,1.04%,0.43%,"1,365"
Diamond,231,브랜드,서폿,50.81%,0.52%,0.07%,683
Diamond,232,멜,탑,49.07%,0.61%,69.39%,803
Diamond,233,초가스,탑,49.04%,0.99%,0.10%,"1,297"
Diamond,234,리 신,탑,45.71%,0.74%,36.26%,967
Diamond,235,야스오,바텀,50.97%,0.51%,12.92%,671
Diamond,236,제드,정글,48.83%,0.62%,11.55%,809
Diamond,237,자크,서폿,48.45%,0.56%,1.67%,741
Diamond,238,퀸,탑,48.03%,0.60%,0.27%,787
Diamond,239,트런들,탑,48.01%,0.84%,0.10%,"1,108"
Diamond,240,스웨인,탑,47.85%,0.51%,0.36%,673
Diamond,241,르블랑,서폿,46.94%,0.87%,37.29%,"1,144"
Diamond,242,아무무,서폿,48.06%,0.53%,0.12%,695
Diamond,243,우디르,정글,47.37%,0.65%,0.36%,857
Diamond,244,빅토르,탑,47.55%,0.57%,16.40%,755
Diamond,245,람머스,정글,46.96%,0.59%,0.48%,773
Diamond,246,스몰더,미드,43.40%,0.58%,0.24%,758
Diamond,247,아무무,정글,47.15%,0.57%,0.12%,755
Master,1,제이스,탑,50.07%,16.41%,37.60%,"6,603"
Master,2,비에고,정글,49.81%,29.56%,29.59%,"11,894"
Master,3,리 신,정글,49.76%,30.15%,29.49%,"12,130"
Master,4,렐,서폿,52.61%,16.88%,15.05%,"6,793"
Master,5,미스 포츈,바텀,52.69%,22.71%,60.50%,"9,137"
Master,6,갈리오,미드,51.46%,12.39%,10.47%,"4,986"
Master,7,암베사,탑,50.48%,10.61%,17.88%,"4,267"
Master,8,엘리스,서폿,52.39%,8.88%,37.74%,"3,573"
Master,9,크산테,탑,49.25%,15.74%,15.43%,"6,333"
Master,10,스카너,정글,52.23%,11.31%,23.72%,"4,551"
Master,11,이렐리아,탑,51.47%,5.16%,31.16%,"2,077"
Master,12,뽀삐,서폿,51.94%,6.84%,24.58%,"2,753"
Master,13,흐웨이,미드,50.82%,9.86%,8.52%,"3,965"
Master,14,카르마,서폿,50.13%,16.38%,10.04%,"6,591"
Master,15,파이크,서폿,50.87%,7.73%,53.66%,"3,110"
Master,16,카서스,정글,54.09%,3.89%,40.11%,"1,564"
Master,17,제드,미드,51.42%,4.80%,11.92%,"1,931"
Master,18,이즈리얼,바텀,49.15%,37.64%,17.88%,"15,144"
Master,19,니달리,정글,50.44%,9.63%,16.07%,"3,874"
Master,20,룰루,서폿,50.30%,12.44%,6.35%,"5,006"
Master,21,코르키,바텀,50.34%,17.43%,12.44%,"7,013"
Master,22,럼블,탑,51.11%,6.28%,4.80%,"2,526"
Master,23,이렐리아,미드,51.57%,3.16%,31.16%,"1,272"
Master,24,피오라,탑,51.57%,4.44%,6.68%,"1,788"
Master,25,브라움,서폿,50.06%,8.36%,7.52%,"3,362"
Master,26,빅토르,미드,48.77%,9.47%,14.72%,"3,810"
Master,27,레넥톤,탑,49.93%,7.46%,6.31%,"3,000"
Master,28,뽀삐,탑,55.19%,2.30%,24.58%,924
Master,29,오로라,미드,48.77%,8.47%,17.78%,"3,408"
Master,30,카시오페아,미드,53.87%,2.76%,10.61%,"1,110"
Master,31,사일러스,미드,48.25%,12.66%,12.33%,"5,092"
Master,32,제이스,미드,52.68%,2.83%,37.60%,"1,139"
Master,33,조이,미드,51.87%,4.18%,4.80%,"1,683"
Master,34,멜,미드,48.21%,7.84%,70.55%,"3,153"
Master,35,탈리야,미드,52.95%,3.24%,1.03%,"1,303"
Master,36,워윅,탑,51.88%,3.51%,5.58%,"1,411"
Master,37,잭스,탑,50.20%,4.98%,6.45%,"2,002"
Master,38,아칼리,미드,48.80%,8.47%,8.98%,"3,406"
Master,39,키아나,미드,52.48%,3.95%,2.21%,"1,591"
Master,40,멜,바텀,51.03%,3.61%,70.55%,"1,452"
Master,41,마오카이,서폿,52.99%,5.61%,1.34%,"2,257"
Master,42,징크스,바텀,50.94%,14.91%,1.32%,"5,997"
Master,43,레오나,서폿,49.77%,8.04%,3.67%,"3,233"
Master,44,드레이븐,바텀,53.00%,3.52%,11.20%,"1,415"
Master,45,애쉬,바텀,51.24%,5.91%,5.88%,"2,379"
Master,46,킨드레드,정글,53.17%,5.72%,1.38%,"2,302"
Master,47,그레이브즈,정글,50.44%,7.11%,6.77%,"2,859"
Master,48,오리아나,미드,49.16%,6.97%,3.78%,"2,803"
Master,49,벡스,미드,51.97%,2.77%,2.41%,"1,116"
Master,50,아크샨,미드,53.14%,2.25%,1.32%,907
Master,51,탈론,미드,52.24%,4.22%,1.35%,"1,698"
Master,52,바이,정글,50.40%,10.04%,2.10%,"4,038"
Master,53,그라가스,탑,53.02%,4.40%,0.55%,"1,769"
Master,54,신드라,미드,51.55%,4.65%,0.80%,"1,870"
Master,55,헤카림,정글,50.91%,6.97%,2.54%,"2,805"
Master,56,니코,서폿,51.68%,4.30%,2.46%,"1,730"
Master,57,우르곳,탑,56.52%,2.12%,0.32%,851
Master,58,제라스,미드,50.29%,4.30%,1.60%,"1,730"
Master,59,벨베스,정글,52.27%,3.95%,4.07%,"1,588"
Master,60,자이라,정글,50.22%,4.46%,6.96%,"1,794"
Master,61,아지르,미드,51.12%,4.10%,0.58%,"1,649"
Master,62,카시오페아,탑,52.36%,2.95%,10.61%,"1,188"
Master,63,카르마,탑,54.74%,1.63%,10.04%,654
Master,64,세나,서폿,52.09%,5.11%,0.52%,"2,056"
Master,65,코르키,미드,50.53%,2.81%,12.44%,"1,132"
Master,66,신 짜오,정글,51.74%,6.22%,0.63%,"2,503"
Master,67,바드,서폿,51.08%,5.97%,0.79%,"2,400"
Master,68,르블랑,미드,48.03%,3.97%,39.05%,"1,599"
Master,69,노틸러스,서폿,48.42%,12.08%,5.29%,"4,860"
Master,70,라칸,서폿,49.36%,8.01%,1.41%,"3,221"
Master,71,니코,미드,53.00%,1.53%,2.46%,617
Master,72,샤코,정글,50.48%,3.08%,7.93%,"1,238"
Master,73,아트록스,탑,49.28%,6.19%,3.93%,"2,490"
Master,74,갱플랭크,탑,51.34%,3.81%,1.40%,"1,531"
Master,75,마스터 이,정글,52.27%,3.50%,1.26%,"1,408"
Master,76,흐웨이,바텀,53.76%,2.05%,8.52%,824
Master,77,쓰레쉬,서폿,49.12%,8.35%,2.20%,"3,359"
Master,78,리븐,탑,51.20%,3.62%,0.76%,"1,457"
Master,79,리산드라,미드,52.79%,2.76%,0.34%,"1,112"
Master,80,바루스,바텀,49.32%,13.65%,4.46%,"5,491"
Master,81,카타리나,미드,49.59%,4.29%,2.14%,"1,724"
Master,82,다리우스,탑,48.75%,5.36%,8.87%,"2,156"
Master,83,아이번,정글,55.05%,1.21%,0.36%,485
Master,84,케이틀린,바텀,49.51%,10.34%,5.43%,"4,161"
Master,85,키아나,정글,54.58%,1.49%,2.21%,601
Master,86,애니비아,미드,55.84%,1.17%,0.73%,471
Master,87,케넨,탑,52.40%,2.23%,2.33%,897
Master,88,카시오페아,바텀,54.97%,1.55%,10.61%,624
Master,89,럼블,미드,56.46%,0.52%,4.80%,209
Master,90,신지드,탑,51.38%,2.98%,0.80%,"1,197"
Master,91,렉사이,정글,52.15%,2.89%,0.80%,"1,164"
Master,92,알리스타,서폿,48.97%,9.40%,1.33%,"3,782"
Master,93,문도 박사,탑,50.11%,3.43%,0.62%,"1,381"
Master,94,애니,미드,53.75%,1.42%,0.18%,573
Master,95,세트,탑,50.69%,3.43%,0.22%,"1,381"
Master,96,칼리스타,바텀,49.85%,5.71%,4.47%,"2,297"
Master,97,블리츠크랭크,서폿,47.97%,6.56%,8.59%,"2,641"
Master,98,카밀,탑,51.78%,2.59%,0.44%,"1,041"
Master,99,블라디미르,탑,49.46%,4.59%,1.94%,"1,846"
Master,100,티모,탑,51.01%,2.33%,1.29%,939
Master,101,판테온,미드,51.74%,1.43%,1.59%,574
Master,102,에코,미드,50.93%,1.87%,0.24%,752
Master,103,릴리아,정글,49.80%,4.39%,1.46%,"1,767"
Master,104,트린다미어,탑,50.69%,2.16%,1.67%,868
Master,105,누누와 윌럼프,정글,51.34%,3.06%,1.02%,"1,231"
Master,106,올라프,탑,52.52%,2.07%,1.01%,832
Master,107,소라카,서폿,50.96%,3.12%,0.12%,"1,254"
Master,108,렝가,탑,52.40%,1.56%,1.69%,626
Master,109,야스오,미드,47.86%,5.18%,10.63%,"2,083"
Master,110,피들스틱,서폿,53.63%,1.23%,2.34%,496
Master,111,요네,미드,47.19%,9.39%,5.87%,"3,778"
Master,112,트리스타나,바텀,51.64%,3.40%,0.33%,"1,369"
Master,113,스웨인,서폿,52.67%,1.02%,0.29%,412
Master,114,암베사,미드,49.48%,1.91%,17.88%,768
Master,115,판테온,정글,49.48%,4.03%,1.59%,"1,621"
Master,116,흐웨이,서폿,54.17%,0.66%,8.52%,264
Master,117,세라핀,서폿,50.13%,2.79%,0.14%,"1,121"
Master,118,그웬,탑,51.73%,1.72%,1.00%,692
Master,119,시비르,바텀,50.69%,3.58%,0.22%,"1,442"
Master,120,닐라,바텀,58.48%,0.85%,0.22%,342
Master,121,모데카이저,탑,51.25%,2.28%,0.27%,919
Master,122,나르,탑,48.03%,4.91%,4.81%,"1,976"
Master,123,판테온,서폿,51.99%,1.93%,1.59%,777
Master,124,아리,미드,48.54%,5.28%,0.27%,"2,124"
Master,125,제리,바텀,50.00%,5.47%,0.14%,"2,200"
Master,126,이블린,정글,52.26%,1.43%,0.57%,574
Master,127,갈리오,서폿,51.76%,1.06%,10.47%,427
Master,128,직스,바텀,50.94%,1.73%,0.40%,695
Master,129,쉔,탑,51.41%,2.03%,0.49%,815
Master,130,카르마,미드,49.81%,1.32%,10.04%,532
Master,131,잔나,서폿,51.55%,1.76%,0.09%,710
Master,132,클레드,탑,51.01%,1.60%,0.42%,645
Master,133,카이사,바텀,48.27%,15.32%,0.43%,"6,165"
Master,134,요네,탑,48.88%,4.24%,5.87%,"1,704"
Master,135,마오카이,탑,50.33%,1.87%,1.34%,753
Master,136,볼리베어,탑,50.08%,1.47%,1.10%,593
Master,137,우디르,탑,52.22%,1.29%,0.54%,517
Master,138,야스오,탑,50.59%,1.27%,10.63%,510
Master,139,녹턴,정글,48.28%,5.20%,2.57%,"2,092"
Master,140,엘리스,정글,48.13%,2.52%,37.74%,"1,014"
Master,141,나미,서폿,50.00%,1.97%,0.10%,792
Master,142,트위스티드 페이트,미드,48.85%,2.93%,0.18%,"1,179"
Master,143,자크,정글,48.80%,3.52%,1.88%,"1,418"
Master,144,럭스,서폿,49.05%,2.75%,0.36%,"1,105"
Master,145,피즈,미드,51.32%,0.94%,0.25%,378
Master,146,루시안,바텀,51.20%,1.97%,0.19%,793
Master,147,럭스,미드,52.59%,0.62%,0.36%,251
Master,148,탈리야,정글,49.73%,2.28%,1.03%,917
Master,149,피들스틱,정글,49.27%,2.40%,2.34%,964
Master,150,타릭,서폿,50.00%,1.34%,0.10%,538
Master,151,트위치,바텀,50.16%,1.52%,0.33%,610
Master,152,말자하,미드,49.75%,1.48%,0.10%,597
Master,153,아우렐리온 솔,미드,49.62%,1.30%,0.10%,522
Master,154,벨코즈,서폿,49.52%,1.03%,0.37%,414
Master,155,하이머딩거,서폿,50.87%,0.57%,0.66%,230
Master,156,질리언,서폿,52.09%,1.37%,0.17%,551
Master,157,스카너,탑,52.11%,0.53%,23.72%,213
Master,158,하이머딩거,바텀,54.26%,0.55%,0.66%,223
Master,159,오공,정글,47.46%,6.49%,2.24%,"2,613"
Master,160,판테온,탑,49.08%,2.04%,1.59%,819
Master,161,자이라,서폿,49.22%,1.59%,6.96%,638
Master,162,사이온,탑,49.49%,2.66%,0.13%,"1,071"
Master,163,럼블,정글,51.21%,0.72%,4.80%,289
Master,164,베인,바텀,54.72%,0.76%,0.59%,307
Master,165,자크,탑,49.80%,1.27%,1.88%,512
Master,166,카직스,정글,48.47%,3.09%,0.67%,"1,242"
Master,167,탈론,정글,49.66%,1.83%,1.35%,737
Master,168,그웬,정글,50.48%,0.77%,1.00%,311
Master,169,니달리,서폿,52.61%,0.71%,16.07%,287
Master,170,레넥톤,미드,50.67%,0.74%,6.31%,298
Master,171,코그모,바텀,52.91%,0.90%,0.08%,361
Master,172,하이머딩거,탑,50.76%,0.98%,0.66%,396
Master,173,블라디미르,미드,48.14%,2.20%,1.94%,887
Master,174,오공,탑,50.14%,0.87%,2.24%,349
Master,175,레나타 글라스크,서폿,49.40%,1.44%,0.42%,579
Master,176,스웨인,바텀,51.15%,1.08%,0.29%,434
Master,177,카사딘,미드,49.67%,0.75%,0.12%,302
Master,178,멜,서폿,47.67%,2.24%,70.55%,900
Master,179,탐 켄치,탑,50.57%,0.65%,0.24%,261
Master,180,벨코즈,미드,52.47%,0.55%,0.37%,223
Master,181,라이즈,미드,48.08%,2.14%,0.63%,861
Master,182,렝가,정글,50.82%,0.90%,1.69%,364
Master,183,요릭,탑,50.66%,1.13%,0.28%,456
Master,184,라이즈,탑,48.97%,1.69%,0.63%,678
Master,185,트린다미어,미드,50.18%,0.67%,1.67%,271
Master,186,베인,탑,53.11%,0.68%,0.59%,273
Master,187,아펠리오스,바텀,49.25%,3.30%,0.12%,"1,328"
Master,188,조이,서폿,48.94%,1.40%,4.80%,564
Master,189,제라스,바텀,51.49%,0.67%,1.60%,268
Master,190,카밀,서폿,49.58%,0.59%,0.44%,236
Master,191,오로라,탑,48.12%,1.85%,17.78%,744
Master,192,오른,탑,48.58%,1.83%,0.06%,737
Master,193,사일러스,서폿,48.55%,0.86%,12.33%,344
Master,194,다이애나,정글,47.29%,2.89%,0.42%,"1,163"
Master,195,케넨,서폿,49.51%,0.51%,2.33%,206
Master,196,일라오이,탑,48.57%,0.87%,0.39%,350
Master,197,진,바텀,46.42%,12.47%,0.36%,"5,017"
Master,198,잭스,정글,50.21%,0.59%,6.45%,239
Master,199,사미라,바텀,48.12%,0.86%,0.58%,345
Master,200,모르가나,서폿,47.94%,0.96%,0.49%,388
Master,201,샤코,서폿,47.61%,0.99%,7.93%,397
Master,202,자야,바텀,47.68%,2.09%,0.13%,839
Master,203,브라이어,정글,47.44%,1.50%,0.29%,605
Master,204,빅토르,바텀,47.39%,1.00%,14.72%,403
Master,205,스웨인,미드,46.89%,0.96%,0.29%,386
Master,206,탐 켄치,서폿,48.14%,0.80%,0.24%,322
Master,207,갈리오,탑,48.31%,0.88%,10.47%,356
Master,208,워윅,정글,46.98%,1.07%,5.58%,430
Master,209,사일러스,탑,47.00%,1.04%,12.33%,417
Master,210,베이가,미드,46.45%,1.09%,0.10%,437
Master,211,자르반 4세,정글,46.43%,2.19%,0.08%,883
Master,212,에코,정글,46.28%,1.70%,0.24%,685
Master,213,아칼리,탑,47.04%,1.26%,8.98%,506
Master,214,케인,정글,45.98%,1.64%,0.15%,659
Master,215,크산테,미드,47.09%,0.55%,15.43%,223
Master,216,애니비아,서폿,46.90%,0.56%,0.73%,226
Master,217,리 신,탑,48.37%,0.61%,29.49%,246
Master,218,세주아니,정글,46.19%,1.73%,0.06%,695
Master,219,다이애나,미드,45.11%,1.63%,0.42%,654
Master,220,바루스,탑,47.42%,1.06%,4.46%,426
Master,221,그라가스,정글,46.85%,1.18%,0.55%,476
Master,222,밀리오,서폿,47.30%,0.60%,0.05%,241
Master,223,가렌,미드,46.96%,0.57%,0.68%,230
Master,224,벨코즈,바텀,47.37%,0.99%,0.37%,399
Master,225,소나,서폿,45.58%,0.56%,0.02%,226
Master,226,케일,탑,46.57%,0.69%,0.17%,277
Master,227,나서스,탑,45.85%,0.87%,0.29%,349
Master,228,유미,서폿,42.50%,3.86%,2.97%,"1,553"
Master,229,가렌,탑,43.84%,2.78%,0.68%,"1,120"
Master,230,스몰더,바텀,43.61%,1.85%,0.26%,743
Master,231,말파이트,탑,42.86%,1.69%,1.37%,679
Master,232,스몰더,미드,43.65%,0.76%,0.26%,307
Master,233,제라스,서폿,42.40%,2.03%,1.60%,816
Master,234,뽀삐,정글,41.31%,0.53%,24.58%,213
