티어,닉네임,주챔피언,게임횟수,승률,포지션,포지션게임횟수
platinum,초현식근동이물 #KR1,제드,17 게임,41 %,미드,27
platinum,매우라 #5838,아크샨,5 게임,80 %,미드,6
platinum,Dancin #kr2,이즈리얼,4 게임,75 %,원딜,7
platinum,Namy000n #5111,제드,10 게임,80 %,미드,10
platinum,Fly over you #wing,빅토르,6 게임,67 %,원딜,17
platinum,응우엔 #땅 굴,세트,113 게임,59 %,탑,120
platinum,스물다섯번째밤 #8152,라이즈,19 게임,79 %,미드,26
platinum,군포 최고 도구 #KR1,파이크,3 게임,67 %,서폿,9
platinum,광주교도소 살인미수 7년복역 #KR1,하이머딩거,17 게임,59 %,탑,65
platinum,박단순 #KR1,그웬,5 게임,80 %,탑,7
platinum,鏡花水月 #白 豹,소라카,287 게임,49 %,서폿,290
platinum,qweasdzxcqweas #kr11,피오라,61 게임,69 %,탑,128
platinum,징 푸 #KR1,제드,12 게임,75 %,미드,19
platinum,Jun #zio,조이,14 게임,71 %,미드,21
platinum,더미친놈 #019,갈리오,1 게임,100 %,미드,9
platinum,멍창희 #KR1,카르마,9 게임,78 %,서폿,20
platinum,adgsdg #KR1,신 짜오,3 게임,67 %,탑,11
platinum,뱍치기굥룡 #777,리 신,11 게임,64 %,정글,32
platinum,선자불래 내자불선 #kr0,우르곳,1 게임,100 %,서폿,4
platinum,황색비둘기 #KR1,징크스,4 게임,100 %,원딜,7
platinum,Viper #asdkq,이즈리얼,5 게임,40 %,원딜,19
platinum,제우스 #전기공학과,요네,22 게임,32 %,정글,53
platinum,디 유 #지 유,룰루,5 게임,80 %,서폿,8
platinum,나데리고지면니탓 #KR1,카서스,1 게임,100 %,정글,5
platinum,내머리는 누가딸래 #429,에코,9 게임,56 %,미드,13
platinum,Blue #KR7,이즈리얼,5 게임,80 %,정글,12
platinum,박지훈 #박지훈,파이크,37 게임,49 %,서폿,44
platinum,sippin lean #KR1,미스 포츈,5 게임,20 %,원딜,17
platinum,P o t a t o #감자국요정,쓰레쉬,39 게임,46 %,서폿,111
platinum,동둥이최고 #0926,렐,8 게임,38 %,서폿,30
platinum,정글차나면대충함 #KR1,이렐리아,1 게임,0 %,미드,5
platinum,미워도 다시 한번 #KR02,리 신,19 게임,68 %,미드,45
platinum,근태식 #T1WIN,아리,17 게임,53 %,미드,33
platinum,항상화난다 #KR1,카타리나,9 게임,67 %,미드,9
platinum,수 아 #625,이즈리얼,2 게임,100 %,원딜,3
platinum,난 최선을 다했어 #123,리 신,3 게임,67 %,정글,5
platinum,바텀뽑기게임 #실패는패배,르블랑,6 게임,67 %,미드,11
platinum,뼈다구가렌 #KR1,제드,9 게임,56 %,원딜,30
platinum,흑돼지 #KR000,탈리야,8 게임,50 %,정글,8
platinum,침대청소부 #KR1,쓰레쉬,11 게임,27 %,서폿,49
platinum,언제나즐겜하자 #KR11,녹턴,30 게임,70 %,정글,32
platinum,라 만 #KR1,징크스,2 게임,100 %,원딜,5
platinum,LGnS1WFbey #KR1,르블랑,4 게임,100 %,미드,8
platinum,Rahee #KR1,니달리,6 게임,33 %,정글,18
platinum,오지환 #1111,이렐리아,4 게임,50 %,탑,7
platinum,물 어 #누렁아,자이라,2 게임,100 %,서폿,9
platinum,부드러운치즈 #8931,이즈리얼,5 게임,80 %,원딜,28
platinum,질량 X 가속도 #KR1,빅토르,3 게임,100 %,미드,6
platinum,코푸는푸 #KR1,리 신,38 게임,55 %,정글,60
platinum,내가진리이당 #KR1,자이라,2 게임,50 %,서폿,9
platinum,악성버니즈 #NJS,이즈리얼,5 게임,80 %,원딜,9
platinum,배민우 #팔척귀신,엘리스,5 게임,80 %,탑,8
platinum,지기는 정글링 #KR1,아리,8 게임,63 %,미드,21
platinum,고강동피바라기 #KR1,자이라,51 게임,57 %,서폿,74
platinum,OTL XD #0001,사일러스,6 게임,67 %,미드,18
platinum,노순이달린다 #KR1,멜,10 게임,40 %,서폿,110
platinum,허서은1 #KR1,자크,25 게임,76 %,탑,14
platinum,빙 수 #0710,비에고,3 게임,100 %,정글,7
platinum,행복이란무엇일카 #KR1,이즈리얼,21 게임,57 %,원딜,39
platinum,제로콜라설탕추가 #KR1,티모,6 게임,50 %,서폿,28
platinum,한입만줘라 #0701,릴리아,33 게임,64 %,정글,103
platinum,매끈한 엄영돈 #KR1,진,7 게임,57 %,원딜,9
platinum,산타는사실있거든 #KR1,갱플랭크,2 게임,100 %,탑,4
platinum,Koooo #KR1,제이스,3 게임,33 %,정글,5
platinum,한남 박준하 #KR1,오로라,2 게임,50 %,미드,9
platinum,정 글 #KR570,니달리,5 게임,80 %,정글,5
platinum,진 출 #KR1,헤카림,8 게임,50 %,정글,8
platinum,테런악신 #KR1,리 신,10 게임,60 %,정글,35
platinum,김동범 #1016,신 짜오,2 게임,100 %,정글,7
platinum,바텀이답이다 #KR1,탐 켄치,3 게임,67 %,서폿,7
platinum,행복한 상현이 #KR1,갈리오,2 게임,100 %,미드,8
platinum,꾸르끽 #KR1,미스 포츈,3 게임,67 %,원딜,6
platinum,김몰락 #8521,징크스,2 게임,100 %,원딜,4
platinum,너도냐나도다 #KR1,키아나,21 게임,62 %,미드,18
platinum,Erelli #KR1,이렐리아,36 게임,50 %,탑,32
platinum,천호동바위게 #qwer,리 신,33 게임,52 %,정글,57
platinum,칠색조 #하트골드,알리스타,1 게임,0 %,서폿,8
platinum,나무같은인생 #KR1,이즈리얼,8 게임,63 %,원딜,21
platinum,맹이얌 #KR1,스카너,12 게임,75 %,정글,24
platinum,SSolkill #KR1,이렐리아,2 게임,50 %,탑,7
platinum,가알까마알까 #KR1,노틸러스,2 게임,100 %,서폿,8
platinum,마라 민초 솔의눈 #KR1,멜,4 게임,75 %,미드,13
platinum,Blue #KR727,케이틀린,2 게임,100 %,원딜,9
platinum,할 순 #KR1,엘리스,4 게임,50 %,서폿,12
platinum,십팔새 #KR1,제이스,20 게임,45 %,탑,57
platinum,GOAT #KR5,녹턴,2 게임,0 %,정글,9
platinum,슨 엠 #KR1,룰루,3 게임,33 %,서폿,9
platinum,사미라 #KR40,이즈리얼,2 게임,50 %,원딜,7
platinum,노 아 #세미나,조이,8 게임,63 %,미드,9
platinum,Retro #00255,제이스,7 게임,71 %,탑,14
platinum,같은하늘아래 #KR2,미스 포츈,1 게임,100 %,원딜,6
platinum,끼정이 #KR1,야스오,6 게임,100 %,미드,8
platinum,좀이따알려줄게 #KR1,카르마,2 게임,100 %,서폿,8
platinum,인 교 #KR1,바루스,13 게임,62 %,탑,17
platinum,오빠 나 너무 급해 #KR02,니달리,2 게임,100 %,정글,5
platinum,맨드릴개코원숭이 #KR1,스웨인,58 게임,59 %,서폿,70
platinum,윙꾸방구 #KR1,녹턴,3 게임,67 %,정글,4
platinum,패시브 #KR1,마오카이,33 게임,48 %,탑,36
platinum,팥붕슈붕 #KR1,킨드레드,7 게임,100 %,정글,38
platinum,ZeDA #KR1,녹턴,8 게임,38 %,정글,9
platinum,dmstp7270 #KR1,리 신,8 게임,75 %,탑,61
platinum,마짬찌 #KR1,아트록스,4 게임,75 %,탑,8
platinum,쏭카페 #1194,비에고,3 게임,67 %,정글,11
platinum,Jack Sparrow #해 적,갱플랭크,16 게임,50 %,탑,16
platinum,백춘삼 #1104,이즈리얼,6 게임,67 %,원딜,28
platinum,모닝빵내놔 #1124,진,9 게임,67 %,원딜,9
platinum,깅돗개 #kr4,빅토르,21 게임,76 %,미드,75
platinum,김선아 #증산미시,리 신,2 게임,100 %,정글,9
platinum,육개장맛시럽 #문77,헤카림,20 게임,65 %,정글,28
platinum,배봉초 득점왕 진하민 #Jin10,리 신,58 게임,60 %,정글,90
platinum,해내는자 #KR1,이즈리얼,30 게임,50 %,원딜,97
platinum,교향곡 9번 #베토벤,카직스,197 게임,55 %,정글,199
platinum,흑풍참 #KR1,카밀,7 게임,29 %,탑,22
platinum,여 우 #125,사일러스,8 게임,75 %,미드,14
platinum,99강화전면삼각근 #KR1,야스오,18 게임,72 %,미드,27
platinum,원 딜 #2861,이즈리얼,23 게임,57 %,원딜,56
platinum,원타이타이 #KR1,샤코,18 게임,61 %,서폿,78
platinum,안상구 #손장애,제이스,16 게임,75 %,미드,29
platinum,지존짱지훈 #KR1,카르마,43 게임,60 %,서폿,49
platinum,빈지리노 #지리네어,다리우스,6 게임,33 %,탑,33
platinum,rainbow001 #KR1,다리우스,4 게임,25 %,탑,14
platinum,Violet Mid #0926,리 신,32 게임,72 %,정글,86
platinum,국민탁시 #KR1,징크스,31 게임,58 %,원딜,57
platinum,그정도 #KR7,카이사,19 게임,53 %,원딜,43
platinum,moreTresured #KR1,이즈리얼,31 게임,52 %,원딜,83
platinum,맑음흐림비 #1234,케이틀린,7 게임,43 %,원딜,25
platinum,옳은말이맞긴한건가요 #궁금해서요,룰루,4 게임,75 %,원딜,5
platinum,이동주 #ldj,오공,6 게임,67 %,정글,11
platinum,인생을 소설처럼 #KR1,멜,14 게임,64 %,미드,52
platinum,혈압올리는중 #KR1,미스 포츈,12 게임,75 %,원딜,42
platinum,상체게임가자 #KR1,제이스,4 게임,25 %,탑,12
platinum,안사과 #KR1,쉬바나,8 게임,50 %,정글,25
platinum,후상박 #KR1,레넥톤,7 게임,43 %,탑,23
platinum,히로이 키쿠리 #KRl,사이온,25 게임,56 %,탑,46
platinum,이채혁 #KR1,이즈리얼,30 게임,57 %,원딜,78
platinum,150 #155,클레드,19 게임,58 %,미드,24
platinum,뽈롤롤롤 #ddd,비에고,19 게임,42 %,원딜,82
platinum,JackeyLove #KR04,이즈리얼,3 게임,100 %,원딜,6
platinum,동그라미썬 #0101,아무무,8 게임,63 %,정글,52
platinum,리지래로래로 #KR1,제라스,7 게임,71 %,서폿,19
platinum,그게 좀 #KR1,엘리스,4 게임,75 %,서폿,17
platinum,엄청난손플레이 #KR1,가렌,39 게임,64 %,탑,33
platinum,TRIKING #KR1,트리스타나,22 게임,55 %,원딜,22
platinum,단 아 #단아하다,비에고,17 게임,59 %,정글,92
platinum,김명운 #문희준,릴리아,33 게임,76 %,정글,140
platinum,你妈妈风度翩翩的人 #000,이즈리얼,25 게임,36 %,원딜,86
platinum,키아나피즈 #궁딸깍,빅토르,4 게임,50 %,미드,12
platinum,합리적으로 #KR1,멜,7 게임,100 %,미드,22
platinum,초코주세요 #KR1,이렐리아,5 게임,80 %,탑,24
platinum,인생은 정시 #KR1,벨코즈,38 게임,58 %,미드,43
platinum,밴달팬피그 #kor,요네,6 게임,50 %,미드,28
platinum,박자 맞추기 장인 #KR1,이즈리얼,12 게임,58 %,서폿,39
platinum,탑 차 이 #9999,볼리베어,95 게임,55 %,탑,100
platinum,끝나지않는여름우린죽어도사랑했다 #청 춘,요네,22 게임,41 %,원딜,86
platinum,kaIi #KR1,르블랑,2 게임,0 %,미드,9
platinum,ShyBoiTobi #KR1,리 신,20 게임,55 %,정글,40
platinum,순 보 #KR2,리 신,14 게임,50 %,정글,30
platinum,딸 기 #0720,이즈리얼,4 게임,100 %,원딜,17
platinum,혜연언니 #1004,유미,211 게임,55 %,서폿,250
platinum,제발이겨줘 #123,제드,54 게임,50 %,정글,89
platinum,BroFromOtherMom #KR1,탐 켄치,17 게임,47 %,서폿,20
platinum,닉네임is뭔들 #5153,니코,104 게임,57 %,서폿,94
platinum,멘탈상태 은두부 #KR1,블라디미르,42 게임,57 %,탑,105
platinum,mtmk #KR1,리 신,6 게임,17 %,정글,19
platinum,무하마드뽀삐 #KR1,카이사,5 게임,100 %,원딜,15
platinum,박적산 #KR1,비에고,21 게임,48 %,정글,43
platinum,유미와고양이들 #KR2,말파이트,13 게임,46 %,서폿,65
platinum,요건 정글차이 #KR1,샤코,14 게임,57 %,정글,20
platinum,김유연 #이쁘덩,제이스,3 게임,67 %,탑,6
platinum,소라카 힐링센터 #KR1,아펠리오스,24 게임,42 %,원딜,24
platinum,rlawnsgh #저지 불가,요네,10 게임,60 %,미드,55
platinum,노스테일 #KR1,시비르,45 게임,44 %,원딜,79
platinum,산드라 #KR1,자르반 4세,25 게임,48 %,정글,70
platinum,GIST #KR1,요네,27 게임,44 %,미드,67
platinum,구수함 #0722,케이틀린,6 게임,100 %,원딜,23
platinum,恋降る月夜に君想ふ #KR71,사일러스,10 게임,30 %,정글,46
platinum,무적성혁 #0523,에코,34 게임,65 %,미드,92
platinum,문코치 #KR1,스웨인,44 게임,55 %,서폿,70
platinum,prAy #38세,스몰더,101 게임,57 %,원딜,107
platinum,강승록 #칼리스타,갱플랭크,9 게임,56 %,탑,54
platinum,뗑귄이 #KR1,오리아나,14 게임,79 %,미드,25
platinum,교회에서만난스님 #KR1,멜,3 게임,67 %,미드,8
platinum,센슨모신 #KR1,유미,12 게임,75 %,서폿,14
platinum,avoid the rush #KR1,리 신,94 게임,49 %,정글,220
platinum,랍스터소울펀치 #lsp,블리츠크랭크,1 게임,0 %,서폿,5
platinum,교도의 길 #GYODO,아트록스,2 게임,50 %,탑,5
platinum,다시는가렌을하지않겠습니다진짜로 #사죄합니다,블라디미르,3 게임,67 %,탑,4
platinum,청 순 #KR3,라이즈,1 게임,100 %,미드,3
platinum,shiiouysh #9887,아리,23 게임,39 %,미드,83
platinum,사랑한다바보들아 #kr2,암베사,3 게임,67 %,탑,5
platinum,닌자 거북이 #666,레넥톤,1 게임,100 %,원딜,2
platinum,땅 콩 #작 콩,레오나,1 게임,100 %,서폿,5
platinum,탄산당근오이 #KR1,미스 포츈,1 게임,0 %,원딜,4
platinum,Page Up #000,코르키,2 게임,100 %,원딜,3
platinum,유 민 #1012,그웬,73 게임,47 %,탑,119
platinum,마산사는김영준 #KR1,블라디미르,1 게임,100 %,탑,4
platinum,너네가 뭘 알아 #뭘아냐고,카타리나,3 게임,67 %,미드,3
platinum,칙 칙 #1113,오공,1 게임,0 %,정글,3
platinum,나한테붙으라고 #정글서폿,비에고,3 게임,33 %,정글,4
platinum,ESFP #0523,자크,29 게임,55 %,정글,41
emerald,n bee #1998,오리아나,178 게임,56 %,미드,178
emerald,ColorLife #123,그레이브즈,9 게임,67 %,정글,19
emerald,RYAN #리안06,빅토르,23 게임,39 %,미드,71
emerald,스웨인의신스웨인의왕스웨인그자체 #모기맨,스웨인,20 게임,55 %,미드,19
emerald,의문의 귤까기고수 #KR2,리산드라,14 게임,86 %,미드,20
emerald,Joker #YG54,샤코,42 게임,64 %,서폿,55
emerald,magum #KR2,뽀삐,8 게임,63 %,서폿,46
emerald,off the grid #0412,이즈리얼,11 게임,73 %,원딜,32
emerald,주시윤 #KR1,제드,8 게임,50 %,미드,11
emerald,쥬얼가야금 #JeweL,쉔,27 게임,48 %,탑,20
emerald,GAME        BOOM #KR1,녹턴,39 게임,69 %,정글,96
emerald,SOS #1109,트리스타나,5 게임,80 %,원딜,5
emerald,Pantouflard #KR1,블리츠크랭크,8 게임,63 %,서폿,30
emerald,머리는차갑게맘은뜨겁게 #KR2,케이틀린,23 게임,57 %,원딜,83
emerald,Aoz MoMo #KR1,진,18 게임,44 %,원딜,24
emerald,Diaba #KR1,미스 포츈,4 게임,25 %,원딜,20
emerald,감자탕과소주 #KR1,케인,22 게임,50 %,정글,44
emerald,authenticity #진짜임,미스 포츈,11 게임,55 %,원딜,21
emerald,우리정글은도대체어디서뭐하는거야 #정글이밉다,암베사,7 게임,71 %,탑,26
emerald,부산지킴이 #KR1,이즈리얼,24 게임,54 %,원딜,47
emerald,SKT T1 Oner #KR5,트린다미어,15 게임,53 %,탑,25
emerald,현빈1 #KR1,다이애나,23 게임,52 %,미드,52
emerald,안평범 #KR1,럭스,7 게임,86 %,서폿,24
emerald,들배지기 #8796,애쉬,3 게임,67 %,원딜,18
emerald,부자인보노군 #KR1,흐웨이,32 게임,41 %,미드,73
emerald,낭만바라기 #KR1,리 신,11 게임,64 %,정글,21
emerald,나는문어꿈을꾸 #KR1,브라움,42 게임,60 %,정글,50
emerald,과 니 #gwan,엘리스,15 게임,53 %,서폿,56
emerald,공협지 #kr7,질리언,20 게임,80 %,서폿,38
emerald,우똑똑이 #KR1,파이크,34 게임,50 %,서폿,54
emerald,검사의수치 #111,케인,42 게임,71 %,탑,44
emerald,TES mingyun #KR1,리 신,3 게임,33 %,미드,10
emerald,후 신 #KR1,뽀삐,22 게임,64 %,탑,37
emerald,양학용부캐 #막아봐,리 신,28 게임,64 %,정글,79
emerald,junnjun #KR1,나르,10 게임,40 %,정글,15
emerald,뮤트올 성애자 #KR1,흐웨이,30 게임,53 %,미드,55
emerald,99366109del #KR1,그라가스,8 게임,50 %,탑,34
emerald,경서 뀨뀨 #KR1,이렐리아,6 게임,67 %,탑,51
emerald,PLAYLIST #0924,이즈리얼,9 게임,56 %,원딜,29
emerald,Zeka #fads,리 신,8 게임,75 %,미드,29
emerald,kiin #2025,오로라,5 게임,20 %,미드,27
emerald,싸꾸룸뚜꾸룸 #123,리 신,40 게임,60 %,정글,104
emerald,dks #KR1,아크샨,16 게임,63 %,미드,31
emerald,一人一 #2025,렐,13 게임,54 %,서폿,54
emerald,노력하는자 #노력하는자,사일러스,93 게임,57 %,미드,193
emerald,백공팔 #KR1,미스 포츈,15 게임,73 %,원딜,34
emerald,coldman #KR2,킨드레드,6 게임,67 %,정글,19
emerald,오왕굳 #KR1,아무무,23 게임,61 %,서폿,18
emerald,잡 직 #쭙쭙박사,룰루,11 게임,45 %,서폿,25
emerald,괴물조쥐 #KR1,녹턴,1 게임,100 %,정글,4
emerald,미 호 #야옹2,리 신,3 게임,100 %,정글,5
emerald,Uniq R Gosu #Kor,미스 포츈,18 게임,56 %,원딜,91
emerald,프로랑친구하고싶다 #평생술안주,렐,2 게임,100 %,서폿,5
emerald,Girls Never Die #KR2,누누와 윌럼프,92 게임,62 %,미드,64
emerald,yuatan #1208,조이,3 게임,67 %,미드,5
emerald,혼종나피리 #갓 독,나피리,5 게임,80 %,미드,4
emerald,정신간호 #NURSE,올라프,1 게임,100 %,탑,5
emerald,후시구로 채수민 #천여주박,리븐,5 게임,80 %,탑,5
emerald,명탐정 코남 #KR05,이즈리얼,4 게임,75 %,원딜,5
emerald,탱or유틸 #2253,카이사,4 게임,75 %,원딜,5
emerald,BeaSuzy #LOVER,조이,2 게임,50 %,미드,5
emerald,제 드 #Han,제드,3 게임,67 %,정글,3
emerald,망고시루 #0909,요네,5 게임,80 %,미드,5
emerald,아리달록 #KR1,이즈리얼,12 게임,50 %,원딜,32
emerald,현재야욕하지말자 #KR1,렉사이,5 게임,80 %,정글,5
emerald,해피롤 123 #해피롤,마오카이,3 게임,67 %,미드,4
emerald,岸田教団 #YUMU,애쉬,2 게임,100 %,원딜,5
emerald,진흙경단의 천재가 있었네 #KR2,루시안,3 게임,100 %,원딜,7
emerald,너쌓여있잖아 #2815,케인,2 게임,100 %,정글,4
emerald,슬치생 #KR1,르블랑,3 게임,100 %,미드,5
emerald,finalee #KR1,빅토르,5 게임,80 %,미드,5
emerald,공 룡 #연평1,리 신,6 게임,67 %,서폿,26
emerald,EvolutionEntropy #54700,라이즈,6 게임,33 %,탑,13
emerald,머진맨 #123,사일러스,2 게임,50 %,미드,5
emerald,231010 #KR1,사일러스,2 게임,100 %,미드,5
emerald,퀘오타니 #TANI,스몰더,5 게임,80 %,원딜,5
emerald,모찌는사람 #KR1,요네,3 게임,67 %,탑,5
emerald,Back Up #위험도움,쉔,2 게임,100 %,탑,4
emerald,신난 야옹이 뀨꿍 #KR1,카시오페아,9 게임,67 %,탑,7
emerald,누누와월남중 #KR1,워윅,5 게임,80 %,정글,5
emerald,정은효 #KR1,미스 포츈,9 게임,44 %,원딜,51
emerald,Hickey #CN1,트린다미어,17 게임,82 %,탑,16
emerald,Fromm #1228,제이스,2 게임,100 %,미드,3
emerald,혜지으응 #KR1,블라디미르,1 게임,0 %,미드,5
emerald,므므므므므므므므므므므므므므 #KR1,그레이브즈,2 게임,100 %,정글,5
emerald,땡기는중 #KR1,카르마,2 게임,100 %,서폿,4
emerald,송 강 #존잘러,카르마,1 게임,0 %,서폿,3
emerald,박치기 공룡 #소통안해요,다리우스,7 게임,71 %,탑,36
emerald,20230816 #1022,갱플랭크,3 게임,100 %,탑,4
emerald,PTA #haeng,카직스,5 게임,80 %,정글,5
emerald,마추면오천원드림 #고라파덕,멜,4 게임,50 %,서폿,11
emerald,우 원 강 #이쁜냥,유미,17 게임,71 %,서폿,17
emerald,업보의업보 #KR1,사이온,5 게임,80 %,탑,5
emerald,들뜨지마라 #5200,미스 포츈,4 게임,100 %,원딜,5
emerald,땅 두 닝 #KR1,쓰레쉬,2 게임,100 %,서폿,5
emerald,신 머 #KR1,비에고,12 게임,58 %,미드,19
emerald,XXXXXXXXXXXXXXXX #KXXXX,이렐리아,2 게임,100 %,탑,5
emerald,누구보다 큼 #KR1,빅토르,5 게임,80 %,미드,5
emerald,유틸하는사나이 #단단함,유미,37 게임,54 %,서폿,66
emerald,하 로 #야 미,이즈리얼,2 게임,100 %,원딜,4
emerald,별하루 #원 딜,케이틀린,1 게임,100 %,원딜,5
emerald,Lidox #KR1,빅토르,37 게임,59 %,미드,48
emerald,미카미 테렌 #1017,가렌,5 게임,80 %,탑,5
emerald,天上天下 唯我獨尊 #6725,애쉬,1 게임,100 %,원딜,3
emerald,수유리뚝빼기헌터 #KR1,쓰레쉬,3 게임,67 %,서폿,5
emerald,마세라티 MC20 #KR1,미스 포츈,36 게임,56 %,원딜,77
emerald,햇빛이성큼성큼걸어왔다 #0319,이즈리얼,2 게임,100 %,원딜,4
emerald,탑갱오면안함 #KR1,녹턴,1 게임,100 %,탑,3
emerald,은화 대의원회 #KR44,사일러스,2 게임,50 %,미드,5
emerald,프제짱 가로우 그리고 나 #야스오인생,야스오,8 게임,50 %,탑,12
emerald,좋은매너 #KR1,카사딘,40 게임,50 %,미드,52
emerald,현미니 #1031,세라핀,12 게임,58 %,서폿,26
emerald,순규박 #KR1,리븐,4 게임,100 %,탑,5
emerald,always sacrifice #KR1,제이스,1 게임,0 %,미드,3
emerald,엄청난2론 #KR1,암베사,2 게임,50 %,탑,5
emerald,현거니우스 #KR1,그라가스,9 게임,56 %,탑,40
emerald,있었습니다 #KR1,아리,4 게임,75 %,미드,5
emerald,즉   흥   곡 #KR1,럼블,1 게임,0 %,미드,4
emerald,인생은도박이야 #KR1,잭스,1 게임,0 %,탑,3
emerald,Found My Way #KR1,제이스,3 게임,100 %,탑,5
emerald,탑이기면이긴거 #KR1,케넨,5 게임,80 %,탑,5
emerald,T1 Keria #KOR7,렐,2 게임,100 %,서폿,5
emerald,유대승 #KR1,스카너,2 게임,50 %,정글,5
emerald,butcher #6449,리 신,4 게임,25 %,정글,12
emerald,선비 도토리 #KR1,빅토르,2 게임,100 %,미드,3
emerald,Palia #KR1,르블랑,4 게임,100 %,미드,20
emerald,망나니신 #KR1,워윅,3 게임,67 %,탑,5
emerald,스초생 #444,세라핀,2 게임,50 %,서폿,5
emerald,leave #KR 1,드레이븐,3 게임,100 %,원딜,3
emerald,꿀 밤 #꿀 밤,리 신,4 게임,50 %,원딜,24
emerald,EHCIA 알파카 #KR1,알리스타,1 게임,100 %,미드,3
emerald,FADE #ZED,파이크,4 게임,75 %,서폿,5
emerald,광명시 철산동 #KR1,자크,190 게임,54 %,정글,192
emerald,도산공원사거리 #KR1,리 신,4 게임,75 %,정글,5
emerald,Deft #코리아,직스,5 게임,80 %,원딜,6
emerald,뚜벅초 #7855,다리우스,11 게임,64 %,탑,15
emerald,김윈터 #말티즈,이즈리얼,3 게임,67 %,원딜,7
emerald,유돌2 #KR1,자이라,6 게임,50 %,정글,16
emerald,악질루키 #abc,갈리오,2 게임,100 %,미드,4
emerald,프로틴 #닭가슴살,카타리나,5 게임,80 %,미드,5
emerald,팀운어지럼증 #KR1,베이가,5 게임,80 %,서폿,5
emerald,레서판다의 위협 #1029,엘리스,2 게임,100 %,서폿,6
emerald,둉 쟤 #KR1,제이스,2 게임,100 %,탑,3
emerald,Cyeee #KR1,이즈리얼,1 게임,100 %,원딜,4
emerald,강영민 #KR1,빅토르,4 게임,50 %,미드,7
emerald,승호형님 #aaa,케이틀린,2 게임,50 %,원딜,4
emerald,돌쇠야 가즈하 #KR486,미스 포츈,16 게임,56 %,원딜,46
emerald,삼척판교대전창원 #KR1,쓰레쉬,5 게임,80 %,서폿,5
emerald,널믿는바보가될게 #KR2,탈리야,2 게임,100 %,미드,5
emerald,상어구이 #KR1,녹턴,53 게임,58 %,정글,63
emerald,흔한닝겐 #KR1,레넥톤,14 게임,64 %,탑,33
emerald,문서노 #KR1,징크스,2 게임,50 %,원딜,3
emerald,불명예 #KR1,럼블,5 게임,60 %,탑,13
emerald,miamiaOvO #KR1,리 신,2 게임,100 %,정글,4
emerald,최성민 #KR01,쓰레쉬,4 게임,75 %,서폿,5
emerald,바닐라셰이크 #KR1,멜,4 게임,75 %,탑,9
emerald,캐슬홀딩스경호대장마학영 #델타포스,리 신,2 게임,100 %,정글,4
emerald,네가없는미래 #1023,스웨인,9 게임,56 %,원딜,8
emerald,편 지 #0505,파이크,2 게임,100 %,서폿,5
emerald,감자먹기 #KR1,제이스,2 게임,100 %,탑,4
emerald,승패결정자 #1111,비에고,27 게임,59 %,정글,32
emerald,유영제약 #KR1,탐 켄치,24 게임,46 %,서폿,24
emerald,김영우2 #KR1,크산테,66 게임,53 %,탑,72
emerald,앞구르기앞점멸 #베인의삶,크산테,5 게임,60 %,원딜,13
emerald,나기 세이시로 #ひさしぶり,리 신,32 게임,53 %,정글,90
emerald,NT R OBOT #KR2,킨드레드,11 게임,55 %,정글,42
emerald,고광윤 #KR1,아칼리,9 게임,67 %,미드,15
emerald,천천히 가는 중 #KR1,요네,7 게임,100 %,탑,15
emerald,꿀어시냠냠 #내놔놔,카이사,28 게임,71 %,미드,40
emerald,고창포 #KR1,미스 포츈,5 게임,40 %,원딜,16
emerald,리텐포르테 #9510,신 짜오,7 게임,71 %,정글,25
emerald,뚱냥이는 배고파 #KR1,미스 포츈,12 게임,67 %,원딜,27
emerald,jeanzforfree #20722,탈론,45 게임,62 %,미드,43
emerald,zfp #KR1,애니비아,36 게임,56 %,미드,23
emerald,알아서게임할게요 #KR1,이블린,8 게임,63 %,정글,16
emerald,일리쉬 #124,그레이브즈,4 게임,75 %,정글,8
emerald,봄가을겨울 #0123,스몰더,3 게임,67 %,미드,8
emerald,Emotee #KR1,오로라,8 게임,50 %,원딜,12
emerald,금창의용사윤석열 #KR1,스웨인,74 게임,54 %,탑,117
emerald,Rêve #0299,미스 포츈,2 게임,50 %,원딜,6
emerald,양현우 #1120,리 신,69 게임,61 %,정글,108
emerald,カムイ #kamui,신 짜오,2 게임,50 %,정글,5
emerald,Raindrop #OTL,루시안,2 게임,50 %,원딜,8
emerald,지재메 #KR1,아리,2 게임,100 %,미드,7
emerald,저시나 #KR1,이즈리얼,4 게임,75 %,원딜,10
emerald,카이사 #KR18,니달리,5 게임,80 %,정글,18
emerald,창 맨 #123,판테온,5 게임,40 %,탑,8
emerald,坚强的意志 #英雄联盟,우르곳,12 게임,50 %,탑,12
emerald,백 결 #KR1,유미,10 게임,60 %,서폿,13
emerald,뉴민트호냥 #KR1,렐,3 게임,67 %,서폿,11
emerald,쇼년가장 원딜 #KR01,바루스,5 게임,80 %,원딜,15
emerald,고형엉덩이 #KR1,렐,20 게임,50 %,서폿,23
emerald,드리미 #KR1,쉔,11 게임,45 %,탑,10
emerald,너무따분한인생 #KR1,오공,2 게임,100 %,정글,8
emerald,즐겜유저 #KR10,쓰레쉬,4 게임,25 %,서폿,5
emerald,Assassin Ougong #KR1,오공,48 게임,54 %,정글,64
emerald,hejunfans #KR1,노틸러스,3 게임,0 %,서폿,13
emerald,Eusebiya #KR1,제드,7 게임,71 %,미드,21
emerald,IG EDP #KR1,제이스,5 게임,60 %,탑,10
emerald,Legacy #KR2,바루스,14 게임,50 %,원딜,67
diamond,Faker #KO1,세라핀,9 게임,56 %,원딜,44
diamond,ssuvilove #KR2,리 신,25 게임,64 %,정글,42
diamond,MuteAll and Play #KR1,렐,23 게임,70 %,서폿,46
diamond,Lem #KR1,애니비아,48 게임,52 %,미드,48
diamond,니코코 #모코코,아리,22 게임,45 %,미드,65
diamond,마트료시카입니다 #KR1,바루스,15 게임,80 %,원딜,44
diamond,오픈해본적없음 #KR0,엘리스,34 게임,53 %,정글,92
diamond,정글프로라고할뻔 #KR1,리 신,9 게임,56 %,정글,20
diamond,rnjswlscks #KR1,판테온,19 게임,68 %,탑,40
diamond,살려쥬시쿨 #KR1,아트록스,11 게임,64 %,탑,70
diamond,under the tree #KR1,흐웨이,12 게임,58 %,미드,52
diamond,우기리기리깅 #우깅깅,제라스,14 게임,50 %,탑,16
diamond,하모냠 #KR1,엘리스,48 게임,77 %,정글,125
diamond,미 네 #동그라미네,애쉬,10 게임,70 %,원딜,37
diamond,페이코 #PAYCO,흐웨이,13 게임,62 %,미드,26
diamond,볼빵빵 다람쥐 #KOR,조이,59 게임,51 %,서폿,73
diamond,인성이상한사람 #KR1,리븐,26 게임,62 %,탑,27
diamond,DPK #KR1,문도 박사,36 게임,44 %,탑,126
diamond,홀라당 #KR3,탈론,57 게임,67 %,미드,58
diamond,최 르 #KR0,나르,15 게임,73 %,탑,32
diamond,사랑의실천 #KR1,탈리야,6 게임,67 %,정글,30
diamond,베인이 부자면 리 #KR1,니코,18 게임,61 %,미드,83
diamond,내일을 향한 여정 #KR1,제이스,17 게임,71 %,탑,39
diamond,Hea hun mongi #혜훈몽,렐,23 게임,70 %,서폿,46
diamond,바텀에 텔좀 써라 #KR1,렐,50 게임,52 %,서폿,84
diamond,곰돌이 푸 #OwO,미스 포츈,37 게임,59 %,원딜,141
diamond,본인이 두려운가 #KR1,탈리야,63 게임,49 %,정글,89
diamond,JI DEANG #지 댕,노틸러스,3 게임,67 %,서폿,27
diamond,영훈달리 #KR0,니달리,31 게임,45 %,정글,57
diamond,도리개 #7704,오로라,15 게임,40 %,미드,69
diamond,박토미 #KR1,세트,11 게임,64 %,탑,37
diamond,오마이호종유충 #짐승남호종,제리,6 게임,33 %,원딜,42
diamond,IllIlillIllill2 #KR1,코그모,44 게임,59 %,원딜,92
diamond,T1 Keria #422,레오나,16 게임,50 %,서폿,44
diamond,겨 울 #0829,제이스,25 게임,68 %,미드,41
diamond,echo QAQ #9099,엘리스,26 게임,73 %,정글,26
diamond,우리정글이엄마가있을리가없어 #0304,유미,25 게임,76 %,서폿,25
diamond,불청객2 #KR1,리 신,5 게임,60 %,정글,20
diamond,ABCDE #0615,아지르,44 게임,75 %,탑,129
diamond,복 이 #BOK2,카르마,9 게임,78 %,정글,18
diamond,애 환 #KR1,미스 포츈,11 게임,55 %,원딜,39
diamond,김태환 #tany,애니비아,72 게임,50 %,미드,54
diamond,언성 언성을 높이지마라 #KR99,카이사,51 게임,53 %,원딜,153
diamond,love me like #0105,리 신,24 게임,67 %,정글,68
diamond,T1 Faker #mid48,사일러스,46 게임,48 %,미드,144
diamond,Your own shield #KR2,브라움,10 게임,70 %,서폿,61
diamond,베베 목줄 채워줘 #ฅΟωΟฅ,비에고,10 게임,40 %,정글,41
diamond,Faker #G102,카이사,5 게임,40 %,원딜,28
diamond,SON #GOAT1,이즈리얼,22 게임,23 %,원딜,89
diamond,나는감자귀신 #alpha,징크스,18 게임,61 %,원딜,66
diamond,KJIJI #KR1,카사딘,19 게임,58 %,미드,36
diamond,Hakuna Matata #mute,리 신,29 게임,48 %,정글,73
diamond,박투신 #KR1,제이스,4 게임,25 %,탑,33
diamond,박 고집 #연습계정정,흐웨이,54 게임,44 %,미드,92
diamond,웃으면서살자 #KR0,미스 포츈,18 게임,39 %,원딜,44
diamond,난세상에굴복했다 #KR1,쉔,29 게임,66 %,탑,29
diamond,FLIRT #KR2,이렐리아,36 게임,53 %,탑,86
diamond,20250111시즌초마스터영정 #영정풀어라,라칸,50 게임,44 %,서폿,139
diamond,플로리다주는 #987,라칸,50 게임,44 %,서폿,139
diamond,강주연 #KR1,라칸,50 게임,44 %,서폿,139
diamond,냥 냥 #KR1,애쉬,55 게임,40 %,원딜,207
diamond,Some1likeU #KR1,카르마,15 게임,67 %,서폿,32
diamond,오 공 #모스트1,오공,110 게임,55 %,탑,115
diamond,unnatural #7209,아트록스,16 게임,50 %,탑,82
diamond,와앙 캐리 #KR1,이즈리얼,12 게임,67 %,원딜,41
diamond,보이면 무는 개 #KR1,워윅,41 게임,68 %,탑,55
diamond,채윤석 #KR1,초가스,28 게임,61 %,서폿,28
diamond,하 치 #와 레,스카너,36 게임,42 %,정글,130
diamond,방 코 #KR1,니코,67 게임,49 %,미드,67
diamond,죽기장인 #КR2,코르키,8 게임,63 %,원딜,38
diamond,눅눅한쿠쿠다스 #쿠쿠다스,바루스,23 게임,52 %,원딜,129
diamond,CHXD #CHXP,나르,20 게임,60 %,탑,38
diamond,Vinter #222,이즈리얼,85 게임,48 %,원딜,298
diamond,겸손한 위치 #KR1,바루스,12 게임,67 %,원딜,38
diamond,레 렐 #레 렐,바루스,12 게임,67 %,서폿,215
diamond,zhongguizhongju1 #noob,케이틀린,10 게임,60 %,원딜,19
diamond,춘천원빈 #KR3,코르키,65 게임,45 %,원딜,88
diamond,챠리메라 #0715,룰루,53 게임,53 %,서폿,75
diamond,분명 이쯤에는 #2000,유미,28 게임,54 %,서폿,102
diamond,퇴 물 #0298,스카너,9 게임,78 %,정글,36
diamond,Whatever #ouo,카시오페아,10 게임,80 %,미드,36
diamond,관평동피바람 #KR1,벨베스,5 게임,80 %,정글,32
diamond,이나예 #KR1,케이틀린,25 게임,48 %,원딜,118
diamond,친추주세요3 #KR1,마오카이,31 게임,58 %,탑,55
diamond,헤벌레 #KR1,케이틀린,21 게임,62 %,원딜,36
diamond,시즌종료마스터 #KR1,멜,9 게임,78 %,미드,77
diamond,야리냥 #KR1,피오라,15 게임,80 %,정글,49
diamond,다이아수문장승훈 #KR1,판테온,113 게임,52 %,탑,150
diamond,冰天雪地 #lulu,아우렐리온 솔,34 게임,53 %,미드,39
diamond,헐레벌떡벌떡 #둥절둥절,렐,10 게임,70 %,서폿,33
diamond,자우림 #NO1,사일러스,25 게임,48 %,미드,50
diamond,Douyin Easywin #4444,블리츠크랭크,92 게임,51 %,서폿,132
diamond,스 리 #됴 니,유미,25 게임,60 %,서폿,25
diamond,땅굴팀 탑 #KR2,피오라,15 게임,67 %,탑,22
diamond,정수리로한다 #KR1,암베사,136 게임,56 %,미드,171
diamond,마라샹궈숙주추가 #1209,제리,30 게임,47 %,원딜,114
diamond,가람공주님 #KR1,벨코즈,75 게임,60 %,미드,71
diamond,휘건우 #EGG,멜,32 게임,59 %,미드,148
diamond,롤로노아 김동현 #KR1,피오라,178 게임,50 %,탑,208
diamond,Zhitao #QAQ,엘리스,14 게임,50 %,서폿,23
diamond,yinii #666,카서스,20 게임,75 %,정글,34
diamond,스몰더하면처박음 #고oa스더,엘리스,8 게임,63 %,정글,47
diamond,이로하 #486,시비르,7 게임,71 %,원딜,17
diamond,향수 사고 싶다 #사주세요,요릭,9 게임,56 %,탑,42
diamond,IlIIIlllIlIlllII #IllIl,리 신,6 게임,33 %,정글,39
diamond,로미스타 #KR1,알리스타,35 게임,57 %,서폿,35
diamond,Jongchaeng #KR1,진,10 게임,60 %,원딜,29
diamond,New World #KR1,카서스,94 게임,64 %,정글,118
diamond,토실이파파 #KR1,녹턴,121 게임,58 %,정글,182
diamond,다식은 호빵맨 #잼아저씨,그웬,33 게임,58 %,탑,95
diamond,검단동단검 #1207,카타리나,29 게임,69 %,미드,31
diamond,Megatron #高低不就,킨드레드,48 게임,48 %,정글,135
diamond,죽은 집어서 가 #2000,니코,54 게임,63 %,서폿,85
diamond,망고바나나I #KR1,제이스,25 게임,48 %,탑,59
diamond,무적해병 이상민 #1285,이렐리아,28 게임,54 %,탑,76
diamond,팀들화나게하는법연구 #3174,갈리오,10 게임,80 %,서폿,70
diamond,착취주문검치명타 #KR1,갱플랭크,21 게임,57 %,탑,24
diamond,cjno #2002,비에고,21 게임,33 %,정글,75
diamond,Atlantis #1270,블라디미르,38 게임,45 %,탑,36
diamond,정상길 #KR1,리 신,7 게임,29 %,정글,35
diamond,wozaoyichenlun #CN1,흐웨이,24 게임,67 %,미드,71
diamond,purple #nobil,요네,31 게임,48 %,미드,102
diamond,karoit #KR1,니코,11 게임,45 %,서폿,64
diamond,Bugwon #부구언,이즈리얼,11 게임,55 %,원딜,45
diamond,한세희 #0312,트런들,32 게임,47 %,탑,41
diamond,후 니 #KR1,코르키,9 게임,89 %,원딜,27
diamond,2001 #kbj,제이스,37 게임,59 %,탑,92
diamond,how lovely #Jhin,진,35 게임,57 %,원딜,37
diamond,조선제일몸종 #싱크홀,아펠리오스,9 게임,67 %,원딜,42
diamond,존 윅 #flash,그라가스,9 게임,78 %,서폿,31
diamond,롤스타 서폿 #9800,쓰레쉬,24 게임,67 %,서폿,26
diamond,꿈깨이놈아 #KR1,티모,39 게임,69 %,탑,40
diamond,FeeL #KR1,쉔,98 게임,48 %,탑,119
diamond,광 기 #악 몽,카타리나,22 게임,64 %,미드,27
diamond,니아 텟페린 #천원돌파,문도 박사,30 게임,60 %,탑,32
diamond,서러워도잘살아 #KR1,리 신,14 게임,50 %,정글,92
diamond,德莱厄斯 #GGG,야스오,120 게임,57 %,미드,80
diamond,listen to me #KR1,이즈리얼,7 게임,43 %,서폿,49
diamond,그차리에 그시칸에 #0404,요네,8 게임,50 %,미드,21
diamond,shisha #RED,요네,8 게임,50 %,원딜,49
diamond,FlexiBiliTy #1024,트리스타나,16 게임,63 %,원딜,49
diamond,오른왕 이제용 #KR1,마오카이,14 게임,36 %,탑,53
diamond,Inha ex machlna #0102,제이스,11 게임,55 %,탑,44
diamond,후추단추 #KR1,카직스,10 게임,90 %,정글,16
diamond,못해서미안합니다 #0303,럼블,17 게임,53 %,미드,34
diamond,학살머신 #KR1,제드,243 게임,51 %,미드,266
diamond,김민제 #123,카밀,29 게임,41 %,탑,59
diamond,님들블루좀 #KR1,말자하,16 게임,50 %,미드,27
diamond,싱마니 #KR1,아지르,36 게임,50 %,미드,151
diamond,뱃살팡팡 #KR01,자크,32 게임,75 %,미드,34
diamond,Mid #a0324,사일러스,15 게임,53 %,미드,47
diamond,Hadele #7186,럼블,33 게임,58 %,탑,102
diamond,연서팡 #모연서,그레이브즈,110 게임,61 %,정글,116
diamond,이렐야스오노벤 #KR1,이렐리아,19 게임,42 %,탑,64
diamond,DWG 대입법 #KR1,비에고,23 게임,70 %,정글,36
diamond,포로먹는사람 #6974,피오라,40 게임,63 %,탑,194
diamond,서당개 #KR1,오리아나,8 게임,75 %,미드,35
diamond,금빛섬광미나토 #KR77,아리,35 게임,49 %,미드,73
diamond,테이저건지이익 #KR1,제이스,24 게임,42 %,탑,113
diamond,a huinin #i9i9,자이라,9 게임,56 %,정글,36
diamond,llIIlIllIIlllIIl #lIIlI,흐웨이,27 게임,59 %,미드,80
diamond,선취킬 #KR1,리 신,6 게임,83 %,정글,15
diamond,별의 시작 #KR1,피오라,28 게임,71 %,원딜,42
diamond,킹카가될뻔한리신 #KR1,리 신,27 게임,56 %,정글,53
diamond,냠 쿰 #냠냠쿰척,룰루,18 게임,83 %,서폿,18
diamond,수현장 #KR1,갱플랭크,30 게임,67 %,탑,46
diamond,미 니 #1102,자야,28 게임,61 %,원딜,30
diamond,Selena Gomez #Fans,미스 포츈,8 게임,75 %,원딜,56
diamond,롤로노아 오창범 #KR1,렐,43 게임,51 %,서폿,60
diamond,아쉬운거죠 #KR2,칼리스타,7 게임,71 %,서폿,22
diamond,날아라 용딘 #KR2,쓰레쉬,20 게임,65 %,서폿,30
diamond,Public Interest #KR1,레오나,22 게임,64 %,서폿,46
diamond,낭만서포터 #KR34,알리스타,91 게임,48 %,서폿,192
diamond,금마갈 사나이 #곧 감,자크,53 게임,62 %,정글,110
diamond,zxcopiasdlkj #KR1,제드,19 게임,58 %,미드,28
diamond,떼 힝 #KR1,리 신,20 게임,55 %,정글,53
diamond,내빡겜한다햇다이 #KR1,그레이브즈,14 게임,50 %,정글,41
diamond,벨 제 #KR1,트린다미어,11 게임,64 %,탑,39
diamond,Where Canyon #KR1,리 신,17 게임,71 %,정글,42
diamond,꽃정우 #KR1,트런들,12 게임,58 %,탑,40
diamond,누누와 윌럼프 #KR102,가렌,40 게임,70 %,탑,53
diamond,アンズの花 #KR3,이즈리얼,34 게임,47 %,원딜,157
diamond,김잘생크 #KR1,아리,27 게임,63 %,미드,92
diamond,핑크 퐁당이 #KR1,유미,53 게임,55 %,서폿,60
diamond,Armin1 #KR2,리 신,19 게임,63 %,정글,45
diamond,모리아13세 #KR1,모데카이저,36 게임,61 %,탑,38
diamond,SBox #KR1,미스 포츈,13 게임,69 %,원딜,36
diamond,인생은업보 #KR1,스카너,9 게임,78 %,정글,39
diamond,동푸리아 #8421,베이가,27 게임,67 %,미드,70
diamond,Akaps ex #KR1,크산테,16 게임,69 %,탑,34
diamond,푸푸린 #안졸려zZ,미스 포츈,14 게임,57 %,원딜,68
diamond,여지니 때찌때찌 #KR1,유미,128 게임,58 %,서폿,157
diamond,멋있는미누 #KR1,렉사이,70 게임,57 %,정글,70
diamond,천살성 #0209,리 신,36 게임,44 %,정글,162
diamond,OFF THE LEASH #0114,이즈리얼,15 게임,93 %,원딜,54
diamond,뚱딴지 #승 하,탐 켄치,25 게임,56 %,서폿,77
diamond,원딜로그마갈래 #KR0,이즈리얼,17 게임,59 %,원딜,29
diamond,더 하트브레이크키드 숀마이클스 #HBK,바드,17 게임,65 %,서폿,38
diamond,거대한오크진우 #KR1,룰루,23 게임,52 %,서폿,55
diamond,sugar #87329,킨드레드,108 게임,64 %,정글,117
master,就送就送嘿嘿嘿 #0220,코르키,87 게임,61 %,원딜,164
master,마지막 기회 #90일,멜,13 게임,77 %,미드,89
master,抖音姚逸航 #职业选手,닐라,73 게임,70 %,원딜,75
master,네모네모 #0107,엘리스,22 게임,45 %,서폿,102
master,rain #jug,갈리오,93 게임,60 %,미드,106
master,젠레스존제로우 #KR1,바루스,11 게임,91 %,원딜,77
master,송하영 #je1,사일러스,19 게임,63 %,미드,151
master,Zeus10 #rudnf,암베사,18 게임,61 %,탑,87
master,다훈갓 #Bard,바드,146 게임,52 %,서폿,159
master,하루노히 #ハルノヒ,워윅,85 게임,59 %,탑,120
master,새 루 #KR2,블라디미르,109 게임,62 %,미드,114
master,박몽총 #fan,이즈리얼,54 게임,41 %,원딜,168
master,항상 너만을 위해 #KR1,미스 포츈,39 게임,56 %,원딜,160
master,문어아사랑해I #KR1,판테온,25 게임,68 %,정글,118
master,김치 정글 #김치 JG,리 신,26 게임,81 %,정글,88
master,Aragakiui #0609,이즈리얼,31 게임,71 %,원딜,95
master,완벽하고싶다0 #KR1,잭스,18 게임,67 %,탑,130
master,xiaochaibeibei #kr2,아트록스,97 게임,60 %,탑,127
master,winable #0802,트위치,166 게임,50 %,원딜,248
master,웅무무 #KR1,자르반 4세,221 게임,53 %,정글,222
master,2 Kcal #KR1,르블랑,52 게임,46 %,미드,197
master,the one #PRO,코르키,24 게임,79 %,미드,88
master,苦盡甘來 #2006,카시오페아,149 게임,56 %,탑,141
master,롤스타팀 꾸릉이 #2025,리 신,21 게임,43 %,정글,104
master,얼음 연꽃 #KR1,칼리스타,19 게임,74 %,원딜,136
master,zl존king진완X #KR1,클레드,157 게임,52 %,탑,156
master,LESTINY #부 캐,쓰레쉬,202 게임,56 %,서폿,249
master,yujitop #余悸top,크산테,48 게임,75 %,탑,104
master,윌리엄 #9919,오로라,39 게임,56 %,미드,142
master,동하링 #KR1,제이스,48 게임,67 %,탑,216
master,soop 라쿤99 #치지직,자이라,62 게임,56 %,정글,91
master,Haru #0603,리 신,19 게임,58 %,정글,89
master,초이성호 #КR1,크산테,38 게임,50 %,미드,141
master,도지혁 #2006,비에고,32 게임,66 %,정글,99
master,Call of Silence #Erha,라칸,22 게임,55 %,서폿,84
master,수명단축게임 #1111,비에고,32 게임,63 %,정글,155
master,find myself #fms,아칼리,95 게임,55 %,미드,156
master,의문의 이렐리아 유저 #KR2,이렐리아,204 게임,53 %,탑,274
master,abcabcbac #2025,아펠리오스,57 게임,65 %,원딜,272
master,렝가명인 #KR1,렝가,119 게임,57 %,탑,114
master,ouen #ymk,렐,76 게임,58 %,서폿,276
master,200523 #1108,크산테,82 게임,56 %,탑,168
master,T1 Bin #LCK,갈리오,27 게임,63 %,미드,133
master,보법의 달인 이현 #이현2,잭스,104 게임,60 %,탑,196
master,Miraitowa #zxs,비에고,51 게임,63 %,정글,200
master,렛츠고 박석현 #123,빅토르,20 게임,70 %,원딜,75
master,롤스타팀 미드 #0819,오로라,16 게임,63 %,미드,94
master,핑안보면바로박음 #KR2,헤카림,134 게임,61 %,정글,137
master,BULL #kr11,이즈리얼,55 게임,58 %,원딜,101
master,faker fans #14777,아지르,122 게임,58 %,미드,100
master,Flow #0116,칼리스타,20 게임,70 %,원딜,57
master,Kirby #kr12,미스 포츈,23 게임,39 %,원딜,156
master,zuo qing #12345,리 신,34 게임,53 %,정글,147
master,생각이 없다 #111,사일러스,27 게임,56 %,미드,125
master,noseniorzone #KR2,이즈리얼,28 게임,43 %,원딜,136
master,누가이기나해보자 #0822,사일러스,49 게임,65 %,미드,107
master,bobby #KR2,피오라,145 게임,57 %,탑,154
master,ヲヲヲヲヲヲヲヲヲヲヲヲヲヲヲヲ #1313,갈리오,175 게임,55 %,미드,182
master,대황칰 #최강한화,레오나,30 게임,57 %,서폿,137
master,우리팀 하위팅 #KR1,코르키,38 게임,58 %,원딜,129
master,Heart #KR1,스몰더,26 게임,46 %,미드,201
master,하리하리봉 #끄리시,렐,32 게임,59 %,서폿,132
master,설인석 #2740,다리우스,70 게임,57 %,탑,105
master,梦想家 #ouo,리 신,15 게임,73 %,정글,77
master,싱 글 #1004,엘리스,18 게임,67 %,서폿,78
master,서구 한소희 #KR1,뽀삐,84 게임,63 %,탑,174
master,midqvq9 #KR11,빅토르,19 게임,47 %,미드,97
master,탑야스오한테발려서화나셨나요ヲヲ #KR123,야스오,119 게임,51 %,탑,80
master,조관우급 늪 설치 #KR0,카시오페아,91 게임,60 %,원딜,49
master,우즈이 텐겐 #KR123,스카너,39 게임,64 %,정글,158
master,치피공 #KR1,신지드,198 게임,63 %,탑,226
master,bom #jojo1,암베사,13 게임,38 %,탑,107
master,zxcvasdf #KR11,암베사,36 게임,58 %,탑,141
master,뇌가 없다 #123,리 신,27 게임,63 %,정글,51
master,Vancouver #0602,이즈리얼,32 게임,50 %,원딜,137
master,buxiang houhui #2025,사일러스,62 게임,50 %,미드,91
master,I SHOULD #렛츠고,자이라,11 게임,55 %,서폿,133
master,토끼다리걸기 #123,마오카이,39 게임,62 %,서폿,118
master,레이셜디펜스 #KR1,제라스,62 게임,66 %,미드,118
master,요정너구리 #5959,룰루,56 게임,55 %,서폿,149
master,Baut #123,엘리스,18 게임,72 %,서폿,94
master,선 우 #꼴통양아치,비에고,80 게임,56 %,정글,182
master,갓 독 #dog,나피리,166 게임,51 %,미드,149
master,나자신을사랑 #2040,제이스,64 게임,52 %,탑,191
master,神 避 #奎桑提,크산테,125 게임,59 %,탑,146
master,스타 도구 #서폿강사,파이크,17 게임,82 %,서폿,108
master,스타 만두 #서 폿,쓰레쉬,68 게임,56 %,서폿,166
master,팀탓하지않을게 #7881,스카너,39 게임,49 %,정글,184
master,아크엘 #acl,요릭,60 게임,63 %,탑,122
master,낙서공책 #KR1,카직스,153 게임,55 %,정글,155
master,huanye #521,그레이브즈,62 게임,63 %,정글,136
master,스 칼 #KR 1,클레드,249 게임,54 %,탑,185
master,야 필 #kr11,야스오,138 게임,54 %,미드,165
master,내 턴에 맞춰 #부탁할게,헤카림,87 게임,59 %,정글,193
master,쭌 베 #KR1,갈리오,8 게임,38 %,미드,54
master,Laurent #3326,럭스,51 게임,61 %,미드,102
master,Ripple #2006,제이스,77 게임,52 %,탑,252
master,azrard #kr2,코르키,58 게임,53 %,원딜,220
master,wh sy #1119,케이틀린,22 게임,64 %,원딜,125
master,Got your Heart #KR1,요네,84 게임,54 %,미드,172
master,망 태 #망 태,빅토르,128 게임,52 %,미드,360
master,승늉승늉 #안뇽해,문도 박사,84 게임,60 %,탑,82
master,겨울혐오증 #KR3,조이,44 게임,61 %,미드,138
master,비호감 탑 #kr2,니달리,165 게임,56 %,탑,161
master,화장실지키미쿠키 #KR1,리 신,21 게임,57 %,정글,52
master,Pineapplo #6666,노틸러스,96 게임,70 %,서폿,154
master,잉친이 #우정잉,자이라,267 게임,58 %,정글,304
master,CoBiT #KR06,렐,61 게임,61 %,서폿,108
master,황준형 #KR1,사이온,48 게임,67 %,탑,162
master,ABCD #KRl,엘리스,24 게임,58 %,서폿,113
master,DRX kyeahoo #0813,요네,17 게임,59 %,미드,99
master,지은성 #0131,암베사,35 게임,57 %,탑,102
master,May #КR1,렐,107 게임,58 %,서폿,191
master,엥 ヲ #KR3,렐,17 게임,76 %,서폿,113
master,tfhto #KR1,빅토르,20 게임,65 %,미드,103
master,kingpo54 #KR1,워윅,62 게임,53 %,탑,139
master,PETER #KR1,엘리스,21 게임,43 %,서폿,96
master,ツ ユ #都落ち,빅토르,12 게임,50 %,미드,73
master,비 련 #OWO,드레이븐,50 게임,58 %,원딜,99
master,피피피 피지컬 #KR1,리 신,29 게임,66 %,정글,89
master,ii7it2 #KR1,알리스타,20 게임,60 %,서폿,130
master,스트레스성장애 #KR1,파이크,17 게임,47 %,서폿,87
master,SlowQ Fanboy #yebit,베인,34 게임,59 %,원딜,130
master,근슐랭 #KR1,사일러스,70 게임,53 %,미드,158
master,榴莲中的小狗 #榴莲小狗,아크샨,67 게임,55 %,미드,164
master,X i #Lingx,카타리나,112 게임,57 %,미드,124
master,roookie #IGG,라이즈,12 게임,58 %,미드,75
master,신사원딜 #신사임당,코르키,33 게임,67 %,원딜,120
master,yanyanbaobao #0224,그레이브즈,36 게임,69 %,정글,78
master,Feliz #KR11,코르키,24 게임,50 %,원딜,100
master,아프리카허콩98 #1541,갱플랭크,95 게임,55 %,탑,152
master,열도소년 #KR1,아이번,162 게임,61 %,정글,173
master,땅우양 #KR1,미스 포츈,24 게임,63 %,원딜,133
master,Chill 재립 Guy #KR420,제이스,165 게임,56 %,탑,199
master,Equinox #fa04,제이스,13 게임,54 %,탑,74
master,어 나 마산사는 02김재훈인데 #飞雷神,빅토르,47 게임,60 %,미드,233
master,마딱이 김지호 #9696,제이스,26 게임,46 %,미드,96
master,겜할시간에책읽기 #0719,미스 포츈,24 게임,67 %,원딜,67
master,어쩌라고맞짱뜰까 #HOYA,제이스,23 게임,61 %,탑,73
master,갈 라 #GALA,코르키,115 게임,57 %,원딜,135
master,어뷰징입니다 #머리박기,카서스,89 게임,63 %,정글,131
master,이세돌4집 #기대컨,제이스,25 게임,80 %,탑,79
master,No92 #KR1,마오카이,65 게임,57 %,서폿,338
master,ALong #4002,애쉬,33 게임,58 %,원딜,114
master,yang #8687,벨베스,19 게임,63 %,정글,80
master,Rosevary #로즈배리,미스 포츈,77 게임,60 %,원딜,384
master,채팅끄고함 #12345,소라카,61 게임,61 %,서폿,106
master,아이묭 #2000,쓰레쉬,26 게임,65 %,원딜,74
master,젝키첸 #5229,리 신,89 게임,53 %,정글,216
master,드래곤맨 #225,스몰더,82 게임,48 %,원딜,150
master,잊어야 한다는 마음으로 #0303,이즈리얼,36 게임,61 %,원딜,144
master,May #0411,미스 포츈,27 게임,52 %,원딜,72
master,미북이 #KR1,아칼리,14 게임,71 %,미드,77
master,리산드라똥 #KR1,리산드라,155 게임,52 %,미드,146
master,www #zypp,야스오,78 게임,64 %,미드,77
master,jakakzjxdjsjdkkx #qisjd,헤카림,76 게임,53 %,정글,152
master,배간지 #KR2,카시오페아,54 게임,57 %,미드,213
master,롤스타 부엉이 #부엉이,자크,27 게임,56 %,탑,92
master,ren wo hang #T12,갈리오,41 게임,56 %,미드,148
master,Vaundy #KR03,카르마,38 게임,58 %,서폿,126
master,zkkkkk #ovo,조이,165 게임,57 %,미드,228
master,wamiwtaitawktzst #KR2,크산테,41 게임,46 %,탑,180
master,SQUEEZE #PLAY,코르키,28 게임,64 %,원딜,86
master,김다승 #KR2,이즈리얼,41 게임,63 %,원딜,142
master,개 미이는 검 다 #CN1,타릭,212 게임,53 %,서폿,232
master,银河有迹可寻 #8101,비에고,18 게임,72 %,정글,104
master,기대한내가멍충 #KR1,오로라,25 게임,56 %,미드,138
master,this ad #soxl,징크스,184 게임,49 %,원딜,185
master,hazyy #KR11,빅토르,18 게임,61 %,원딜,79
master,막쥔손금 #7777,트리스타나,29 게임,52 %,원딜,116
master,장원영카리나설윤김재윤 #장카설재,피오라,112 게임,64 %,탑,124
master,남시욱 #1998,빅토르,37 게임,59 %,미드,85
master,solo kill top #KR1,럼블,41 게임,41 %,탑,159
master,z z #T T,빅토르,41 게임,46 %,미드,170
master,wanan theworld #xdbx1,이즈리얼,25 게임,52 %,원딜,94
master,Rampage #bol4,갈리오,143 게임,55 %,미드,163
master,Hosanna #2005,엘리스,26 게임,35 %,서폿,179
master,빠삭한어포튀김 #KR2,미스 포츈,55 게임,60 %,원딜,133
master,PIAOYISHENG #0769,벨베스,51 게임,59 %,정글,191
master,김두협 #KR12,니달리,109 게임,54 %,정글,254
master,Tundra #KR06,크산테,58 게임,47 %,탑,235
master,Rukia #0412,바루스,69 게임,61 %,원딜,168
master,우기영 #KR1,코르키,62 게임,45 %,원딜,203
master,Witt #123,조이,52 게임,63 %,미드,44
master,moonsju #KR1,케넨,142 게임,56 %,서폿,118
master,질뿌기 #KR20,바루스,110 게임,53 %,원딜,176
master,스타 핑구 #JgJg,리 신,29 게임,55 %,정글,131
master,생각없이 #들이박기,이렐리아,58 게임,59 %,미드,46
master,I am 포동 #전포동,흐웨이,34 게임,44 %,미드,224
master,Rike #Luhoo,이즈리얼,30 게임,67 %,원딜,134
master,Practice Jg ID #KR1,아크샨,139 게임,48 %,미드,131
master,코그모만해요 #못해요,코그모,187 게임,53 %,원딜,179
master,용우팀 탑 #대리팀아님,제이스,29 게임,69 %,탑,112
master,xinsuixiaogou #6666,세나,19 게임,58 %,원딜,77
master,쪼 모 #쪼 모,럼블,310 게임,51 %,탑,293
master,Soopsik #KR2,자이라,17 게임,76 %,정글,98
master,Tianzhidao #0309,비에고,34 게임,50 %,정글,140
master,제영우 #Zoebf,조이,98 게임,58 %,미드,75
master,고분대장 #KR2,갱플랭크,74 게임,61 %,미드,113
master,인천물주먹 #인천사람,요네,11 게임,64 %,미드,94
grandmaster,Keshi #Lqh,크산테,32 게임,53 %,탑,139
grandmaster,카리나 #8359,암베사,26 게임,54 %,탑,131
grandmaster,JzJd #2628,암베사,17 게임,47 %,미드,107
grandmaster,매화수 #하이트,징크스,59 게임,58 %,원딜,200
grandmaster,진조 알퀘이드 #KR1,바이,52 게임,62 %,정글,122
grandmaster,롤스타 징크스 #0707,징크스,240 게임,55 %,원딜,249
grandmaster,xxgg #zypp,빅토르,41 게임,44 %,미드,180
grandmaster,너덜너덜 #NDND,암베사,24 게임,67 %,탑,83
grandmaster,훗 츄 #츄 츄,초가스,185 게임,56 %,미드,89
grandmaster,수민갱 #0830,오로라,47 게임,51 %,미드,330
grandmaster,안수은 #1218,엘리스,78 게임,60 %,서폿,158
grandmaster,일운동밥밥잠밥 #KR1,이렐리아,51 게임,55 %,미드,200
grandmaster,mhx #CN1,킨드레드,85 게임,60 %,정글,259
grandmaster,의문의프로지망생 #KR130,리 신,45 게임,56 %,정글,149
grandmaster,ikkot99 #0203,신드라,79 게임,52 %,미드,172
grandmaster,백 호 #9005,케이틀린,16 게임,75 %,원딜,94
grandmaster,요기요 #0301,벡스,42 게임,64 %,미드,148
grandmaster,caII of silence #dodo,이즈리얼,27 게임,59 %,서폿,144
grandmaster,kiin #KR1,암베사,21 게임,52 %,탑,80
grandmaster,Peyz #KR11,애쉬,11 게임,18 %,원딜,80
grandmaster,虎牙丶斧帝 #zypp,드레이븐,263 게임,55 %,원딜,277
grandmaster,qweracdsc1qs #KR2,칼리스타,31 게임,58 %,원딜,127
grandmaster,먹고자고싸고놀고게임해 #KR2,레오나,210 게임,54 %,서폿,230
grandmaster,喜欢小冰 #0618,코르키,19 게임,58 %,원딜,84
grandmaster,维特吉乌斯 #ベテルギウ,판테온,20 게임,55 %,정글,120
grandmaster,멍청구리 #0827,제리,32 게임,63 %,원딜,127
grandmaster,Wave to earth #KR37,리 신,78 게임,56 %,정글,219
grandmaster,괴롭히지마 #살려주세요,제이스,26 게임,50 %,미드,122
grandmaster,윤마치 #KR2,카시오페아,48 게임,67 %,원딜,154
grandmaster,채요이키우기 #0704,잭스,60 게임,55 %,탑,220
grandmaster,加 油 #恒 常,미스 포츈,41 게임,51 %,원딜,229
grandmaster,绿藤ovo #QAQ,레넥톤,121 게임,54 %,탑,238
grandmaster,PlanB #2006,렐,25 게임,64 %,서폿,104
grandmaster,Natalie #KR 1,리 신,26 게임,58 %,정글,111
grandmaster,胡小青超酷 #douyu,오른,12 게임,67 %,미드,88
grandmaster,코 코 #상준크,갈리오,103 게임,60 %,미드,192
grandmaster,전민혁 #전민혁,바루스,45 게임,58 %,원딜,192
grandmaster,기뮬히 #0721,렐,37 게임,62 %,서폿,188
grandmaster,서도재 #DOZAE,탈리야,88 게임,56 %,정글,230
grandmaster,Flower Dance #zypp,탈리야,88 게임,56 %,정글,230
grandmaster,그렇더라고요 #KR2,탈리야,88 게임,56 %,정글,230
grandmaster,thichnuocdua #1805,제이스,40 게임,53 %,탑,178
grandmaster,Incursio #Kata,카타리나,213 게임,62 %,미드,219
grandmaster,허거덩 #0303,갈리오,13 게임,77 %,미드,68
grandmaster,senzawa #ovo,스웨인,124 게임,58 %,원딜,104
grandmaster,빠드득공주 #이갈이,이렐리아,90 게임,68 %,탑,110
grandmaster,SKU11 #Kr2,벨베스,61 게임,62 %,정글,85
grandmaster,클래식좀들어라 #KR2,암베사,15 게임,53 %,정글,71
grandmaster,탐식의 이광수 #하니보니,제이스,62 게임,60 %,탑,162
grandmaster,douyinXiuZhe #3344,베이가,116 게임,57 %,미드,97
grandmaster,김상운ovo #KR1,트리스타나,58 게임,60 %,원딜,141
grandmaster,Retireplayer #15ggn,암베사,74 게임,65 %,탑,102
grandmaster,리그오브레전드ll #KR1,엘리스,36 게임,64 %,서폿,110
grandmaster,IgNar #1120,알리스타,78 게임,68 %,서폿,102
grandmaster,FA  정글 #05년생,비에고,96 게임,51 %,정글,223
grandmaster,aierlanlaozhu #KR1,갈리오,18 게임,72 %,탑,101
grandmaster,김춘식 #KR1,드레이븐,55 게임,55 %,원딜,236
grandmaster,정글안도와주면짐 #T God,킨드레드,215 게임,56 %,정글,208
grandmaster,shilibugou #06Mid,빅토르,24 게임,50 %,미드,102
grandmaster,douyin shizishen #KR2,렝가,202 게임,51 %,정글,207
grandmaster,스트리머 백색말 #SOOP,암베사,51 게임,65 %,미드,90
grandmaster,Zeki #KDF,스카너,66 게임,73 %,정글,93
grandmaster,Heru #KR821,오로라,15 게임,40 %,미드,122
grandmaster,LFT Myunseo #I M,비에고,82 게임,57 %,정글,232
grandmaster,다딱이가말대꾸 #KR3,뽀삐,178 게임,54 %,탑,262
grandmaster,자신감을잃지말자 #KR1,제이스,31 게임,52 %,탑,132
grandmaster,마이쮸 #KR12,조이,66 게임,61 %,미드,126
grandmaster,파멸의 이광수 #보니하니,빅토르,13 게임,77 %,미드,87
grandmaster,비 고 린 자 #김연우돼지,크산테,36 게임,58 %,탑,145
grandmaster,미느성 #0112,흐웨이,69 게임,61 %,미드,232
grandmaster,05JUG #TAO,비에고,57 게임,63 %,정글,113
grandmaster,usia #1234,사일러스,33 게임,76 %,미드,115
grandmaster,취미생활입니다 #재미로롤함,판테온,32 게임,75 %,탑,94
grandmaster,무서운썬더드래곤 #0303,미스 포츈,55 게임,58 %,원딜,183
grandmaster,허 아 #KR1,아칼리,131 게임,56 %,미드,142
grandmaster,racerr #FA1,암베사,66 게임,50 %,탑,224
grandmaster,96년생 티모장인 #9202,티모,116 게임,59 %,탑,115
grandmaster,戴云青 #Dai,제이스,48 게임,69 %,탑,151
grandmaster,sysysysy #1101,코르키,143 게임,59 %,원딜,276
grandmaster,小狮子King #DYxsz,렝가,263 게임,54 %,정글,267
grandmaster,조재원 #1993,알리스타,75 게임,48 %,서폿,254
grandmaster,ellpa #kr2,미스 포츈,54 게임,50 %,원딜,203
grandmaster,ww1w #qqq,리 신,87 게임,49 %,정글,358
grandmaster,콘효우 #0502,스카너,19 게임,68 %,정글,143
grandmaster,Aumuha #1122,비에고,63 게임,52 %,정글,187
grandmaster,허거덩 #KR39,빅토르,46 게임,67 %,미드,113
grandmaster,어리고싶다 #KR1,암베사,29 게임,76 %,탑,125
grandmaster,스타 웅 #서 폿,렐,30 게임,47 %,서폿,139
grandmaster,Yeoul #oxo,엘리스,22 게임,68 %,서폿,115
grandmaster,예측불허 #KR1,리 신,121 게임,61 %,정글,161
grandmaster,다정다감 #0314,리 신,46 게임,65 %,정글,236
grandmaster,길호태 #KR1,비에고,46 게임,63 %,정글,144
grandmaster,Snowater #KR1,브라움,27 게임,74 %,미드,128
grandmaster,언리미티드 #lll,신드라,75 게임,67 %,미드,98
grandmaster,eqwdqg #KR1,엘리스,38 게임,61 %,서폿,157
grandmaster,bin #zpyy,니코,120 게임,62 %,서폿,97
grandmaster,Rebe1Heart #0924,리 신,37 게임,59 %,정글,202
grandmaster,백수 연수 #KR1,노틸러스,226 게임,54 %,서폿,246
grandmaster,EFF2CT #45800,렐,70 게임,53 %,서폿,394
grandmaster,해 린 #2025,요네,18 게임,50 %,미드,136
grandmaster,이즈빼고다잘함 #정뚱땡,제리,14 게임,64 %,원딜,134
grandmaster,찾지마세요 #xxx,카이사,60 게임,47 %,원딜,208
grandmaster,무시무시한왕벌레 #바위게,마스터 이,163 게임,57 %,정글,163
grandmaster,what is freedom #free,오로라,30 게임,50 %,미드,150
grandmaster,REJECT탑 #RC03,암베사,32 게임,59 %,탑,138
grandmaster,es ju9 #pzzp,비에고,41 게임,46 %,정글,145
grandmaster,송제우 #KR1,요네,28 게임,68 %,미드,119
grandmaster,힘민지 #0925,바루스,43 게임,63 %,원딜,169
grandmaster,도깨비참깨 #KR2,판테온,16 게임,81 %,서폿,31
grandmaster,남양주 성시경 #0404,아지르,26 게임,69 %,미드,172
grandmaster,딸 깍 #123 4,진,121 게임,51 %,원딜,133
grandmaster,Bluffing #1207,뽀삐,20 게임,80 %,서폿,132
grandmaster,i kid #아이키드,빅토르,15 게임,60 %,미드,88
grandmaster,qwrqdsad #111,제이스,27 게임,59 %,탑,119
grandmaster,도 희 #0402,오리아나,81 게임,62 %,미드,134
grandmaster,역천괴 #Ker10,뽀삐,13 게임,77 %,서폿,63
grandmaster,음바페 #messi,잭스,201 게임,58 %,탑,214
grandmaster,NS Jiwoo #KR1,이즈리얼,19 게임,68 %,원딜,94
grandmaster,갈과 배 음료 #KR1,레넥톤,101 게임,63 %,탑,168
grandmaster,송하영 #0620,이즈리얼,31 게임,48 %,원딜,160
grandmaster,zhang wen zi #KR1,비에고,26 게임,54 %,정글,119
grandmaster,아케인 하이머딩거 교수 #앙기무띵,하이머딩거,121 게임,61 %,원딜,110
grandmaster,상욱Ryu #KR1,제이스,28 게임,50 %,탑,101
grandmaster,JD fans #KR1,니달리,37 게임,68 %,정글,185
grandmaster,낙 시 #KR1,미스 포츈,58 게임,66 %,원딜,289
grandmaster,wjdrmf #djfuq,비에고,57 게임,53 %,정글,275
grandmaster,Bwipo #lol,코르키,43 게임,70 %,원딜,66
grandmaster,lmkj #666,렐,97 게임,59 %,서폿,194
grandmaster,FOX Career #0829,엘리스,20 게임,50 %,서폿,82
grandmaster,Hide on bush #КRI,제리,217 게임,66 %,원딜,256
grandmaster,传奇传奇 #KR999,리산드라,103 게임,56 %,미드,83
grandmaster,개구리슝 #2006,암베사,90 게임,61 %,탑,181
grandmaster,Finale #5542,빅토르,189 게임,52 %,미드,325
grandmaster,아 리 #9199,아리,99 게임,64 %,미드,114
grandmaster,Japiana #777,비에고,53 게임,60 %,정글,197
grandmaster,suibianba345 #345,키아나,38 게임,68 %,미드,70
grandmaster,말비포 #KR2,잭스,39 게임,64 %,탑,155
grandmaster,뽀 몽 #제3화원,룰루,80 게임,59 %,서폿,156
grandmaster,롤못하는사람123 #KR1,리 신,54 게임,50 %,정글,343
grandmaster,지존핸드맨몬스터 #KR1,문도 박사,97 게임,62 %,탑,97
grandmaster,전 설 #3605,빅토르,27 게임,48 %,미드,182
grandmaster,Capybara #ker10,이즈리얼,13 게임,77 %,원딜,77
grandmaster,zenbukorosu #KR1,드레이븐,22 게임,59 %,원딜,155
grandmaster,심규제 #심규제,코르키,23 게임,78 %,원딜,104
grandmaster,Chenxii #2025,비에고,57 게임,49 %,정글,151
grandmaster,你阿媽大減價 #長崎舞娘出,오로라,21 게임,62 %,미드,113
grandmaster,무채색 #03030,제이스,45 게임,49 %,탑,199
grandmaster,아니이게뭐야 #갱갱갱갱갱,코르키,24 게임,63 %,원딜,88
grandmaster,베 베 #2003,미스 포츈,48 게임,56 %,원딜,227
grandmaster,puppy #slog,요릭,173 게임,65 %,탑,165
grandmaster,로저스 #8602,킨드레드,50 게임,70 %,정글,106
grandmaster,ooi3 #KR1,레넥톤,101 게임,62 %,탑,105
grandmaster,SheepCloud #쉽클라우드,렐,44 게임,55 %,서폿,196
grandmaster,눈앞이캄캄 #1997,리 신,19 게임,74 %,원딜,84
grandmaster,헤이스트 #헤이스트,아크샨,45 게임,38 %,미드,121
grandmaster,교수 트타 #Dr1,트리스타나,153 게임,59 %,원딜,157
grandmaster,질 듯 #0411,코르키,32 게임,66 %,원딜,88
grandmaster,토낀토끼 #TOOL,레오나,46 게임,72 %,서폿,160
grandmaster,씨 왓 #KR1,자이라,144 게임,58 %,서폿,147
grandmaster,dpfqlstmaltm #KR0,이즈리얼,42 게임,62 %,서폿,86
grandmaster,아리사 #무용이,벨베스,174 게임,55 %,탑,166
grandmaster,恋童癖 #syyw,빅토르,90 게임,54 %,미드,235
grandmaster,Zora #눈 꽃,비에고,24 게임,63 %,정글,115
grandmaster,lice #kr3,벨베스,79 게임,57 %,정글,90
grandmaster,HLE Eclipse3 #KR3,이즈리얼,47 게임,38 %,원딜,215
grandmaster,남양주 탑 #DASAN,레넥톤,56 게임,61 %,탑,238
grandmaster,유똥별 #KR1,소라카,261 게임,54 %,서폿,267
grandmaster,오리죽볶음 #KR1,야스오,142 게임,56 %,미드,131
grandmaster,맘순이 #이뻐해줘,카이사,51 게임,57 %,원딜,230
grandmaster,juicethekidd #0505,스카너,35 게임,69 %,정글,125
grandmaster,17ge #snake,제이스,47 게임,55 %,탑,170
grandmaster,쏴봐쏴 #SNG,이즈리얼,29 게임,55 %,원딜,143
grandmaster,L R #JUG,카서스,74 게임,53 %,정글,175
grandmaster,스타 거북이 #꺼 북,다이애나,36 게임,58 %,미드,168
grandmaster,cant win #KR3,베이가,167 게임,54 %,미드,233
grandmaster,사랑해요 #kr3,코르키,72 게임,58 %,원딜,177
grandmaster,정복자 교장선생님 #12345,제이스,19 게임,58 %,미드,98
grandmaster,샤오 쑤A #KR1,제이스,18 게임,44 %,탑,81
grandmaster,해 태 #T 1,제이스,17 게임,59 %,탑,93
grandmaster,Honpi #KR1,라칸,264 게임,55 %,서폿,268
grandmaster,heisemaoyi #meet,카직스,22 게임,68 %,정글,89
grandmaster,엘 에이 씨티 #LA CT,진,104 게임,52 %,원딜,123
grandmaster,稻谷地 #小谷帝,크산테,101 게임,54 %,탑,124
grandmaster,여중생 #kr3,요네,48 게임,60 %,미드,219
grandmaster,yoyzxzx #KR1,이렐리아,97 게임,71 %,미드,126
grandmaster,독 니 #KR1,카시오페아,99 게임,62 %,탑,50
grandmaster,南京最后一棵树 #RK1,파이크,25 게임,60 %,서폿,81
grandmaster,樱吹雪Ycx #Ycx,렐,20 게임,50 %,서폿,89
grandmaster,음유시인 #418,카이사,346 게임,53 %,원딜,298
grandmaster,기대치 감소 #기대하다,바이,14 게임,71 %,정글,109
grandmaster,1Jiang #KR1,럼블,57 게임,56 %,탑,179
grandmaster,no vlad can win #KR2,블라디미르,164 게임,59 %,탑,150
grandmaster,관 모 #KR2,비에고,23 게임,65 %,정글,90
grandmaster,Not Here Not yet #珏仔1,킨드레드,185 게임,61 %,정글,189
grandmaster,chibao #owo,누누와 윌럼프,134 게임,57 %,정글,151
grandmaster,용공주 #龙宫公主,아우렐리온 솔,102 게임,57 %,미드,102
grandmaster,건강한 마음 #888,리 신,55 게임,60 %,정글,209
grandmaster,Nostalgia #KR07,렐,26 게임,58 %,서폿,147
grandmaster,DooTi #7762,코르키,45 게임,64 %,원딜,128
grandmaster,pupuouo #KR1,세나,103 게임,67 %,서폿,108
challenger,닝 닝 #1126,제이스,109 게임,57 %,탑,295
challenger,이 차가 식기전에 #KR1,헤카림,175 게임,62 %,정글,199
challenger,LOVE WIN #KR1,제라스,318 게임,58 %,미드,429
challenger,斗鱼南波儿丶cl666 #0028,문도 박사,96 게임,50 %,탑,263
challenger,스컬지 #K T,이즈리얼,39 게임,59 %,원딜,119
challenger,JUGKlNG #KR1,니달리,18 게임,78 %,정글,79
challenger,langmanbusi #KR1,이즈리얼,23 게임,70 %,미드,140
challenger,Parukia #Maga,렐,42 게임,64 %,서폿,149
challenger,차가운코끼리 #KR0,암베사,88 게임,56 %,탑,198
challenger,이 드 #2DE,야스오,88 게임,63 %,미드,136
challenger,Attack Fight #0923,비에고,89 게임,62 %,정글,268
challenger,fa ady #kr3,크산테,29 게임,55 %,탑,168
challenger,Ning #KR33,스카너,46 게임,70 %,정글,172
challenger,Blue #KR33,이즈리얼,20 게임,80 %,원딜,94
challenger,DK Garden #jiman,요네,27 게임,48 %,미드,141
challenger,FA MID #2004,빅토르,43 게임,56 %,미드,173
challenger,YeQiuFengZZ #叶秋枫,키아나,281 게임,54 %,미드,246
challenger,Chen #LChen,럼블,36 게임,61 %,탑,130
challenger,T1 Gumayusi #KR1,이즈리얼,36 게임,58 %,원딜,149
challenger,Destiny #KR1,알리스타,59 게임,56 %,서폿,182
challenger,狠人锐雯 #zypp,리븐,123 게임,62 %,탑,141
challenger,FA holder #KR2,암베사,42 게임,55 %,탑,190
challenger,Lovepanpan #KR1,렐,69 게임,49 %,서폿,344
challenger,DK Sharvel #KR1,니달리,46 게임,50 %,정글,180
challenger,스파르타 #ouo,판테온,157 게임,62 %,정글,159
challenger,따봉 람머스 #KR1,제이스,57 게임,60 %,탑,165
challenger,민철이여친구함 #0415,갈리오,24 게임,42 %,미드,125
challenger,허수아비 #무적이야,피들스틱,209 게임,56 %,정글,213
challenger,사람 안 믿어 #KR1,파이크,49 게임,47 %,서폿,219
challenger,칼과 창 방패 #KR1,워윅,98 게임,57 %,탑,145
challenger,멍란1 #yaha,비에고,84 게임,62 %,정글,243
challenger,와하항 #kr0,리 신,20 게임,60 %,정글,125
challenger,T1 Smash #KR3,이즈리얼,20 게임,60 %,원딜,108
challenger,HoneyWorks #mid,오로라,50 게임,62 %,미드,257
challenger,누완노 #한재성,미스 포츈,37 게임,59 %,원딜,154
challenger,허거덩 #lulu,룰루,94 게임,64 %,미드,121
challenger,소년가장 원딜 #KR1,이즈리얼,37 게임,70 %,원딜,149
challenger,MaRin #Pro,케넨,88 게임,66 %,탑,232
challenger,NASA #쟁 구,미스 포츈,72 게임,64 %,원딜,169
challenger,Juhana #DRX25,이즈리얼,31 게임,65 %,정글,151
challenger,Epilogue for you #EP1,비에고,74 게임,50 %,정글,227
challenger,Duro #Gen,사일러스,18 게임,72 %,서폿,130
challenger,HLE #크래커,사일러스,37 게임,68 %,미드,260
challenger,Midir #DNF,크산테,51 게임,73 %,탑,163
challenger,soop ART #ART,이즈리얼,31 게임,55 %,원딜,203
challenger,kakaxi7 #KR1,갈리오,32 게임,56 %,미드,105
challenger,Berrrrrr #KR3,렐,57 게임,61 %,서폿,220
challenger,배성빈의 #1호제자,블라디미르,77 게임,60 %,탑,237
challenger,dydwns7667 #7667,코르키,52 게임,62 %,미드,174
challenger,tunlaw #yrot,헤카림,61 게임,57 %,정글,193
challenger,2024FMVP #KR1,암베사,34 게임,59 %,미드,142
challenger,Carina #today,라칸,34 게임,50 %,서폿,279
challenger,Dahanshuangc #扬我国威,세라핀,143 게임,53 %,서폿,384
challenger,딸기따르트으 #KR1,크산테,51 게임,41 %,탑,233
challenger,buc #ccc,코르키,44 게임,70 %,원딜,117
challenger,Im noob777 #777,스카너,48 게임,65 %,정글,157
challenger,Crow #crow9,제라스,78 게임,71 %,미드,188
challenger,빨뚜참이슬 #하이트,비에고,36 게임,72 %,정글,122
challenger,Swamp #0916,비에고,53 게임,57 %,정글,152
challenger,DDo1V #DNF,리 신,25 게임,44 %,정글,118
challenger,귀찮게하지마 #KR3,이즈리얼,31 게임,52 %,원딜,111
challenger,one loser #KR1,피오라,205 게임,58 %,탑,212
challenger,WE GO #이나경,미스 포츈,55 게임,51 %,원딜,264
challenger,따개비루 #Toye,스카너,49 게임,65 %,정글,96
challenger,늙어버린 #4128,제이스,117 게임,62 %,탑,316
challenger,KDF Quantum #KR12,노틸러스,48 게임,46 %,서폿,180
challenger,Rainy day #0808,사일러스,22 게임,55 %,미드,155
challenger,근데 막 어른이 돼 #0303,이즈리얼,35 게임,69 %,원딜,184
challenger,14小孩幻想赢对线 #4453,암베사,74 게임,55 %,탑,213
challenger,16xyz #KR1,제이스,94 게임,68 %,탑,120
challenger,sdsagfhjfdx #666,이즈리얼,55 게임,45 %,원딜,258
challenger,6두콩 #KR1,아칼리,58 게임,62 %,미드,363
challenger,中 国 #中 国,비에고,34 게임,62 %,정글,111
challenger,Ninja3 #JPN1,헤카림,156 게임,60 %,정글,161
challenger,オルステッド #JL407,타릭,79 게임,63 %,서폿,166
challenger,사박궤 #123,암베사,65 게임,49 %,탑,179
challenger,Beware #KR2,이즈리얼,15 게임,73 %,원딜,80
challenger,양여명 #KR1,제라스,34 게임,65 %,미드,144
challenger,치피치피차파차파 #0918,미스 포츈,36 게임,61 %,원딜,142
challenger,This game canwin #KR1,암베사,40 게임,53 %,탑,141
challenger,어색했 #KR1,피오라,194 게임,57 %,탑,230
challenger,알파메일이태영 #0707,니코,39 게임,85 %,서폿,108
challenger,Refuge #1210,바이,61 게임,61 %,정글,210
challenger,니 아 #KR00,렐,19 게임,47 %,서폿,143
challenger,La La Land #라라랜드,리 신,44 게임,55 %,정글,211
challenger,도천지 #KR1,오리아나,97 게임,57 %,미드,125
challenger,Genshin #4696,소라카,172 게임,59 %,서폿,172
challenger,your era #3031,미스 포츈,81 게임,57 %,원딜,213
challenger,질병 겜 #미치겠네,코르키,32 게임,56 %,원딜,129
challenger,연 진 #찍 찍,이렐리아,92 게임,58 %,미드,246
challenger,dsmjpjo #KR1,레오나,37 게임,59 %,서폿,182
challenger,aabb #9999,킨드레드,146 게임,62 %,정글,153
challenger,Kimman #zxfkk,비에고,21 게임,62 %,정글,98
challenger,I L #KR11,바드,101 게임,57 %,서폿,139
challenger,SINGED #EUW24,신지드,175 게임,58 %,원딜,153
challenger,FA JemDDing #0208,뽀삐,46 게임,70 %,서폿,149
challenger,chillguys #0602,킨드레드,79 게임,62 %,정글,267
challenger,男枪大魔王 #anna,그레이브즈,42 게임,62 %,정글,133
challenger,Wonderwall #mid,아칼리,37 게임,54 %,미드,220
challenger,Rich #DRX,제이스,36 게임,53 %,탑,109
challenger,MeseZZ #1069,세라핀,64 게임,63 %,서폿,232
challenger,wenjian #0420,스카너,32 게임,75 %,정글,97
challenger,거부농장 #KR1,카시오페아,176 게임,57 %,미드,186
challenger,kai #59666,비에고,28 게임,54 %,정글,135
challenger,투정꾼 #FA1,오로라,49 게임,61 %,미드,204
challenger,T1 Cypher #KR21,이즈리얼,41 게임,56 %,원딜,197
challenger,점심시간 #kr33,이즈리얼,34 게임,50 %,원딜,186
challenger,lovely fan #KR2,이즈리얼,76 게임,54 %,원딜,262
challenger,Always With U xD #0907,렐,32 게임,59 %,서폿,155
challenger,66666 #444,암베사,51 게임,53 %,미드,263
challenger,puzzles #7848,파이크,149 게임,63 %,서폿,268
challenger,Chibiusa #KR1,소라카,82 게임,60 %,서폿,145
challenger,골가나르 #3972,렐,189 게임,56 %,서폿,237
challenger,Phago #0312,갱플랭크,48 게임,65 %,탑,74
challenger,한양대표미드 #희 원,아칼리,93 게임,55 %,미드,177
challenger,Zac #KR1,자크,212 게임,54 %,정글,222
challenger,벼랑끝을즐겨 #XXX,판테온,151 게임,74 %,정글,129
challenger,Lower #2005,이즈리얼,35 게임,49 %,원딜,202
challenger,Free #Kirin,트리스타나,59 게임,54 %,원딜,186
challenger,babyting #000,트리스타나,59 게임,54 %,원딜,186
challenger,우끼우끼 #sry,트리스타나,59 게임,54 %,원딜,186
challenger,FA 김문찬 #07년생,코르키,57 게임,63 %,원딜,380
challenger,exzede #wywq,알리스타,58 게임,62 %,서폿,142
challenger,일산전영찬 #KR1,비에고,57 게임,56 %,정글,163
challenger,loverain #rain,코르키,37 게임,41 %,원딜,112
challenger,Shout Baby #0123,비에고,46 게임,61 %,정글,168
challenger,김유빈 #KR20,마스터 이,144 게임,60 %,정글,143
challenger,결 혼 #KR1,칼리스타,53 게임,57 %,원딜,162
challenger,미국인이며 #bee,미스 포츈,21 게임,52 %,서폿,103
challenger,shy9 29 #2008,렐,56 게임,68 %,서폿,196
challenger,구글검색 ZedTeam #123,파이크,70 게임,60 %,서폿,216
challenger,잘해보자고 #PRO,갱플랭크,159 게임,61 %,탑,159
challenger,SOODANGKIM #KR12,파이크,105 게임,52 %,미드,85
challenger,ZD말파이트 #KR1,이즈리얼,81 게임,58 %,원딜,330
challenger,홀로서기 #KR3,미스 포츈,80 게임,55 %,원딜,148
challenger,Bonnie #0314,니달리,30 게임,57 %,정글,122
challenger,cikcik #KR1,제이스,14 게임,71 %,미드,77
challenger,Zimmer #KR5,암베사,41 게임,49 %,탑,162
challenger,bababaabam #KR1,코르키,29 게임,66 %,원딜,128
challenger,남만고먐미 #DKDK,케넨,137 게임,58 %,탑,114
challenger,희라콩콩이 #0429,미스 포츈,53 게임,57 %,원딜,169
challenger,숟가락전사 #KR1,제이스,48 게임,56 %,탑,131
challenger,쑤셔쑤셔 #444,이즈리얼,43 게임,60 %,원딜,135
challenger,꼬마딩구리 #KR1,오리아나,42 게임,67 %,미드,65
challenger,tripup #kr3,트리스타나,51 게임,65 %,원딜,278
challenger,old Ni #B站小尼,닐라,268 게임,60 %,원딜,275
challenger,새벽별빛 #kr2,비에고,45 게임,67 %,정글,179
challenger,Woonie #100,케넨,114 게임,62 %,탑,138
challenger,하늘호랑이 #천 호,키아나,232 게임,55 %,미드,228
challenger,엄마아빠사랑해요 #그리고미안,사일러스,27 게임,63 %,미드,176
challenger,카운팅스타 #오윤수,헤카림,233 게임,55 %,정글,246
challenger,수원 남현준 #1111,제리,14 게임,64 %,미드,94
challenger,티 격 #S 2,블라디미르,192 게임,57 %,미드,106
challenger,FA펭리루 #2006,징크스,37 게임,62 %,원딜,264
challenger,행복한 사람이 되다 #888,볼리베어,310 게임,55 %,탑,243
challenger,FA휘파 #zepa,미스 포츈,66 게임,59 %,원딜,273
challenger,FA 05SUP #不可言说,노틸러스,112 게임,63 %,서폿,279
challenger,ckadmfdls #zypp,알리스타,28 게임,75 %,서폿,100
challenger,임시소환사명 #1112,야스오,53 게임,66 %,미드,89
challenger,감 동 #결 혼,이즈리얼,36 게임,67 %,원딜,173
challenger,Escape #KR06,크산테,45 게임,60 %,탑,162
challenger,小枣小枣 #wxuzi,미스 포츈,122 게임,57 %,원딜,234
challenger,I am Mid #형이야,사일러스,69 게임,65 %,미드,228
challenger,막강주니 #KR1,크산테,69 게임,59 %,탑,196
challenger,잔망 루피 #tired,제이스,32 게임,66 %,탑,162
challenger,튼튼짱짱만욱 #튼튼짱짱,흐웨이,162 게임,55 %,미드,155
challenger,checca #KR2,자크,237 게임,57 %,정글,208
challenger,HLE 팬서 #KR1,크산테,46 게임,59 %,탑,185
challenger,Secret #BLG,오로라,40 게임,65 %,미드,211
challenger,Valhalla #9  9,사일러스,38 게임,82 %,미드,168
challenger,Oner #KR222,리 신,21 게임,52 %,정글,78
challenger,근육밀레니엄 #KR33,바루스,71 게임,61 %,원딜,230
challenger,过客何须千千结 #xycj,비에고,55 게임,62 %,정글,150
challenger,허거덩덩 #KR124,마오카이,156 게임,57 %,서폿,226
challenger,Sungod #KR2,벨베스,33 게임,70 %,정글,59
challenger,Ringcold #TOP,크산테,42 게임,64 %,탑,259
challenger,렐복치 #KR1,렐,139 게임,57 %,서폿,153
challenger,hy442975 #N J F,피들스틱,302 게임,54 %,정글,196
challenger,독박 이니시 #안해 못해,렐,104 게임,61 %,서폿,368
challenger,경상도 왕 #1111,비에고,109 게임,54 %,정글,405
challenger,꿀잼사과잼 #KR1,문도 박사,116 게임,61 %,탑,112
challenger,그브충이 #KR1,녹턴,187 게임,55 %,탑,180
challenger,편식당 #kr72,이즈리얼,33 게임,45 %,원딜,146
challenger,두둠칫 #바 드,바드,341 게임,53 %,서폿,354
challenger,silo #0206,요네,40 게임,57 %,미드,134
challenger,xxxxx941 #KR55,올라프,90 게임,53 %,정글,137
challenger,shdbrudqhrhtlvek #dbrud,흐웨이,42 게임,64 %,미드,128
challenger,Roar #Briar,브라이어,154 게임,56 %,정글,158
challenger,땅굴 정글 #K R,스카너,32 게임,63 %,정글,131
challenger,Sylvie #77777,리 신,24 게임,50 %,정글,119
challenger,喜欢吃薯条 #Chips,렐,98 게임,59 %,서폿,222
challenger,Official髭男dism #イエスタデ,아트록스,25 게임,64 %,미드,117
challenger,ART LEE #KR1,리 신,104 게임,60 %,탑,137
challenger,Bell #絵 空,키아나,152 게임,59 %,미드,163
challenger,Chu성훈 #KR1,카르마,52 게임,60 %,서폿,146
challenger,The Herta #Hokai,판테온,115 게임,56 %,탑,129
challenger,렝 화 #렝 화,렝가,95 게임,59 %,탑,109
challenger,kfo #KR1,블라디미르,259 게임,56 %,탑,506
challenger,왕자혁이 되고싶었던 도구혁 #가락가락,렐,33 게임,58 %,원딜,89
